Record Length,2.500000e+03,,  -0.460000000000,   0.00240,
Sample Interval,2.000000e-03,,  -0.458000000000,  -0.00560,
Trigger Point,2.300000000000e+02,,  -0.456000000000,   0.00000,
,,,  -0.454000000000,   0.00000,
,,,  -0.452000000000,  -0.00560,
,,,  -0.450000000000,  -0.00240,
Source,CH2,,  -0.448000000000,   0.00320,
Vertical Units,V,,  -0.446000000000,   0.00320,
Vertical Scale,2.000000e-02,,  -0.444000000000,   0.01280,
Vertical Offset,0.000000e+00,,  -0.442000000000,   0.00560,
Horizontal Units,s,,  -0.440000000000,  -0.00720,
Horizontal Scale,5.000000e-01,,  -0.438000000000,  -0.00560,
Pt Fmt,Y,,  -0.436000000000,   0.00160,
Yzero,0.000000e+00,,  -0.434000000000,   0.00080,
Probe Atten,1.000000e+01,,  -0.432000000000,  -0.00080,
Model Number,TDS2014C,,  -0.430000000000,   0.00000,
Serial Number,C031960,,  -0.428000000000,  -0.00080,
Firmware Version,FV:v24.26,,  -0.426000000000,   0.00000,
,,,-00.424000000000,   0.00160,
,,,-00.422000000000,   0.00080,
,,,-00.420000000000,  -0.00640,
,,,-00.418000000000,   0.00000,
,,,-00.416000000000,  -0.00480,
,,,-00.414000000000,  -0.00240,
,,,-00.412000000000,  -0.00560,
,,,-00.410000000000,   0.00320,
,,,-00.408000000000,  -0.00240,
,,,-00.406000000000,  -0.00800,
,,,-00.404000000000,   0.00880,
,,,-00.402000000000,   0.00560,
,,,-00.400000000000,   0.00000,
,,,-00.398000000000,   0.00480,
,,,-00.396000000000,   0.00480,
,,,-00.394000000000,  -0.00400,
,,,-00.392000000000,   0.00320,
,,,-00.390000000000,  -0.00240,
,,,-00.388000000000,   0.00400,
,,,-00.386000000000,  -0.00480,
,,,-00.384000000000,  -0.00240,
,,,-00.382000000000,  -0.00240,
,,,-00.380000000000,  -0.00480,
,,,-00.378000000000,  -0.00640,
,,,-00.376000000000,   0.00000,
,,,-00.374000000000,   0.00000,
,,,-00.372000000000,   0.00080,
,,,-00.370000000000,   0.01120,
,,,-00.368000000000,   0.00160,
,,,-00.366000000000,  -0.00400,
,,,-00.364000000000,  -0.00160,
,,,-00.362000000000,  -0.00400,
,,,-00.360000000000,   0.00000,
,,,-00.358000000000,   0.00400,
,,,-00.356000000000,   0.00000,
,,,-00.354000000000,  -0.00480,
,,,-00.352000000000,  -0.00480,
,,,-00.350000000000,  -0.00160,
,,,-00.348000000000,  -0.00240,
,,,-00.346000000000,   0.00080,
,,,-00.344000000000,   0.00080,
,,,-00.342000000000,   0.00240,
,,,-00.340000000000,  -0.00480,
,,,-00.338000000000,   0.00480,
,,,-00.336000000000,   0.00800,
,,,-00.334000000000,   0.00400,
,,,-00.332000000000,  -0.00240,
,,,-00.330000000000,   0.00320,
,,,-00.328000000000,   0.00400,
,,,-00.326000000000,   0.00000,
,,,-00.324000000000,   0.00080,
,,,-00.322000000000,  -0.00080,
,,,-00.320000000000,  -0.00160,
,,,-00.318000000000,  -0.01040,
,,,-00.316000000000,   0.00000,
,,,-00.314000000000,  -0.00480,
,,,-00.312000000000,   0.00240,
,,,-00.310000000000,  -0.00240,
,,,-00.308000000000,  -0.00080,
,,,-00.306000000000,   0.00000,
,,,-00.304000000000,   0.00640,
,,,-00.302000000000,   0.00000,
,,,-00.300000000000,  -0.00080,
,,,-00.298000000000,  -0.00560,
,,,-00.296000000000,   0.00480,
,,,-00.294000000000,   0.00240,
,,,-00.292000000000,  -0.00240,
,,,-00.290000000000,  -0.00240,
,,,-00.288000000000,  -0.00240,
,,,-00.286000000000,   0.00080,
,,,-00.284000000000,   0.00080,
,,,-00.282000000000,   0.00160,
,,,-00.280000000000,   0.00240,
,,,-00.278000000000,   0.00000,
,,,-00.276000000000,   0.00000,
,,,-00.274000000000,   0.00320,
,,,-00.272000000000,  -0.00560,
,,,-00.270000000000,   0.00240,
,,,-00.268000000000,   0.00000,
,,,-00.266000000000,   0.00240,
,,,-00.264000000000,   0.00640,
,,,-00.262000000000,   0.00080,
,,,-00.260000000000,  -0.00400,
,,,-00.258000000000,  -0.00560,
,,,-00.256000000000,   0.00240,
,,,-00.254000000000,   0.00000,
,,,-00.252000000000,  -0.00400,
,,,-00.250000000000,  -0.00560,
,,,-00.248000000000,  -0.00480,
,,,-00.246000000000,   0.00640,
,,,-00.244000000000,   0.00240,
,,,-00.242000000000,   0.00000,
,,,-00.240000000000,  -0.00480,
,,,-00.238000000000,  -0.00320,
,,,-00.236000000000,   0.00320,
,,,-00.234000000000,   0.00800,
,,,-00.232000000000,  -0.00400,
,,,-00.230000000000,   0.00320,
,,,-00.228000000000,   0.00480,
,,,-00.226000000000,  -0.00240,
,,,-00.224000000000,   0.00320,
,,,-00.222000000000,  -0.00320,
,,,-00.220000000000,   0.00080,
,,,-00.218000000000,  -0.00240,
,,,-00.216000000000,  -0.00480,
,,,-00.214000000000,   0.00080,
,,,-00.212000000000,   0.00560,
,,,-00.210000000000,  -0.00080,
,,,-00.208000000000,   0.00320,
,,,-00.206000000000,   0.00320,
,,,-00.204000000000,  -0.00800,
,,,-00.202000000000,  -0.00560,
,,,-00.200000000000,   0.00480,
,,,-00.198000000000,   0.00400,
,,,-00.196000000000,  -0.00160,
,,,-00.194000000000,  -0.00800,
,,,-00.192000000000,   0.00160,
,,,-00.190000000000,   0.00080,
,,,-00.188000000000,  -0.00240,
,,,-00.186000000000,   0.00000,
,,,-00.184000000000,   0.00800,
,,,-00.182000000000,  -0.00480,
,,,-00.180000000000,  -0.00160,
,,,-00.178000000000,   0.00240,
,,,-00.176000000000,   0.00720,
,,,-00.174000000000,   0.00080,
,,,-00.172000000000,   0.00240,
,,,-00.170000000000,  -0.00320,
,,,-00.168000000000,  -0.00480,
,,,-00.166000000000,   0.00320,
,,,-00.164000000000,   0.00720,
,,,-00.162000000000,  -0.00240,
,,,-00.160000000000,  -0.00240,
,,,-00.158000000000,  -0.00640,
,,,-00.156000000000,   0.00560,
,,,-00.154000000000,   0.00240,
,,,-00.152000000000,   0.00000,
,,,-00.150000000000,   0.00320,
,,,-00.148000000000,  -0.00320,
,,,-00.146000000000,  -0.00800,
,,,-00.144000000000,  -0.00400,
,,,-00.142000000000,  -0.00560,
,,,-00.140000000000,   0.02480,
,,,-00.138000000000,  -0.00400,
,,,-00.136000000000,  -0.00800,
,,,-00.134000000000,   0.00080,
,,,-00.132000000000,   0.00080,
,,,-00.130000000000,   0.00160,
,,,-00.128000000000,  -0.00400,
,,,-00.126000000000,  -0.00560,
,,,-00.124000000000,  -0.00480,
,,,-00.122000000000,  -0.00240,
,,,-00.120000000000,  -0.00240,
,,,-00.118000000000,   0.00560,
,,,-00.116000000000,   0.00240,
,,,-00.114000000000,   0.00560,
,,,-00.112000000000,   0.00080,
,,,-00.110000000000,  -0.00080,
,,,-00.108000000000,   0.00240,
,,,-00.106000000000,  -0.00240,
,,,-00.104000000000,  -0.00160,
,,,-00.102000000000,  -0.00160,
,,,-00.100000000000,  -0.00080,
,,,-00.098000000000,   0.00320,
,,,-00.096000000000,   0.00400,
,,,-00.094000000000,   0.00480,
,,,-00.092000000000,   0.00000,
,,,-00.090000000000,   0.00480,
,,,-00.088000000000,   0.00080,
,,,-00.086000000000,   0.00000,
,,,-00.084000000000,   0.00400,
,,,-00.082000000000,  -0.00560,
,,,-00.080000000000,  -0.00480,
,,,-00.078000000000,   0.00320,
,,,-00.076000000000,   0.00160,
,,,-00.074000000000,  -0.00800,
,,,-00.072000000000,   0.00240,
,,,-00.070000000000,  -0.00320,
,,,-00.068000000000,  -0.00480,
,,,-00.066000000000,   0.00400,
,,,-00.064000000000,   0.00320,
,,,-00.062000000000,  -0.00160,
,,,-00.060000000000,  -0.00720,
,,,-00.058000000000,   0.00000,
,,,-00.056000000000,  -0.00480,
,,,-00.054000000000,   0.00000,
,,,-00.052000000000,   0.00640,
,,,-00.050000000000,   0.00000,
,,,-00.048000000000,   0.00400,
,,,-00.046000000000,   0.00240,
,,,-00.044000000000,  -0.00080,
,,,-00.042000000000,   0.00080,
,,,-00.040000000000,   0.00720,
,,,-00.038000000000,   0.00160,
,,,-00.036000000000,   0.00080,
,,,-00.034000000000,   0.00160,
,,,-00.032000000000,  -0.00400,
,,,-00.030000000000,   0.00320,
,,,-00.028000000000,   0.00720,
,,,-00.026000000000,   0.00560,
,,,-00.024000000000,  -0.00240,
,,,-00.022000000000,   0.00560,
,,,-00.020000000000,   0.00160,
,,,-00.018000000000,   0.00240,
,,,-00.016000000000,   0.00240,
,,,-00.014000000000,   0.00560,
,,,-00.012000000000,  -0.00400,
,,,-00.010000000000,   0.00240,
,,,-00.008000000000,  -0.00560,
,,,-00.006000000000,   0.00640,
,,,-00.004000000000,   0.00480,
,,,-00.002000000000,   0.00000,
,,,-00.000000000000,  -0.00560,
,,,00.002000000000,  -0.00560,
,,,00.004000000000,   0.01600,
,,,00.006000000000,  -0.00240,
,,,00.008000000000,  -0.00720,
,,,00.010000000000,   0.01040,
,,,00.012000000000,  -0.00640,
,,,00.014000000000,   0.00080,
,,,00.016000000000,   0.03200,
,,,00.018000000000,  -0.00240,
,,,00.020000000000,  -0.02240,
,,,00.022000000000,   0.01680,
,,,00.024000000000,   0.00160,
,,,00.026000000000,  -0.00160,
,,,00.028000000000,   0.00560,
,,,00.030000000000,   0.00880,
,,,00.032000000000,  -0.00080,
,,,00.034000000000,   0.01920,
,,,00.036000000000,   0.00080,
,,,00.038000000000,  -0.01680,
,,,00.040000000000,   0.00800,
,,,00.042000000000,  -0.00480,
,,,00.044000000000,  -0.00240,
,,,00.046000000000,   0.01120,
,,,00.048000000000,   0.00880,
,,,00.050000000000,  -0.01760,
,,,00.052000000000,   0.02000,
,,,00.054000000000,  -0.00080,
,,,00.056000000000,  -0.02080,
,,,00.058000000000,   0.00080,
,,,00.060000000000,   0.00400,
,,,00.062000000000,  -0.00080,
,,,00.064000000000,   0.00400,
,,,00.066000000000,   0.00560,
,,,00.068000000000,  -0.01600,
,,,00.070000000000,   0.01760,
,,,00.072000000000,   0.00400,
,,,00.074000000000,  -0.02400,
,,,00.076000000000,  -0.00240,
,,,00.078000000000,   0.01120,
,,,00.080000000000,  -0.00880,
,,,00.082000000000,   0.00240,
,,,00.084000000000,   0.00000,
,,,00.086000000000,  -0.00960,
,,,00.088000000000,   0.00000,
,,,00.090000000000,   0.00560,
,,,00.092000000000,  -0.02160,
,,,00.094000000000,   0.00960,
,,,00.096000000000,   0.01920,
,,,00.098000000000,  -0.01920,
,,,00.100000000000,  -0.00240,
,,,00.102000000000,   0.00400,
,,,00.104000000000,   0.00000,
,,,00.106000000000,  -0.00800,
,,,00.108000000000,   0.00640,
,,,00.110000000000,  -0.02320,
,,,00.112000000000,  -0.00080,
,,,00.114000000000,   0.02480,
,,,00.116000000000,   0.00240,
,,,00.118000000000,   0.00000,
,,,00.120000000000,   0.01200,
,,,00.122000000000,  -0.02720,
,,,00.124000000000,   0.00240,
,,,00.126000000000,   0.02160,
,,,00.128000000000,  -0.01520,
,,,00.130000000000,   0.00320,
,,,00.132000000000,   0.02960,
,,,00.134000000000,   0.00240,
,,,00.136000000000,  -0.00560,
,,,00.138000000000,   0.01920,
,,,00.140000000000,  -0.00800,
,,,00.142000000000,  -0.01360,
,,,00.144000000000,   0.00160,
,,,00.146000000000,  -0.00080,
,,,00.148000000000,   0.00000,
,,,00.150000000000,   0.01920,
,,,00.152000000000,  -0.00720,
,,,00.154000000000,  -0.01920,
,,,00.156000000000,   0.01360,
,,,00.158000000000,   0.00320,
,,,00.160000000000,  -0.01120,
,,,00.162000000000,   0.00880,
,,,00.164000000000,   0.00640,
,,,00.166000000000,  -0.01120,
,,,00.168000000000,   0.01680,
,,,00.170000000000,   0.00560,
,,,00.172000000000,  -0.02800,
,,,00.174000000000,   0.01360,
,,,00.176000000000,  -0.00560,
,,,00.178000000000,  -0.01840,
,,,00.180000000000,  -0.00240,
,,,00.182000000000,   0.01760,
,,,00.184000000000,  -0.00240,
,,,00.186000000000,   0.01920,
,,,00.188000000000,  -0.00640,
,,,00.190000000000,  -0.01360,
,,,00.192000000000,  -0.00160,
,,,00.194000000000,  -0.00160,
,,,00.196000000000,  -0.01360,
,,,00.198000000000,   0.00640,
,,,00.200000000000,   0.00400,
,,,00.202000000000,  -0.01520,
,,,00.204000000000,   0.00240,
,,,00.206000000000,   0.00400,
,,,00.208000000000,  -0.02160,
,,,00.210000000000,   0.00640,
,,,00.212000000000,   0.01120,
,,,00.214000000000,  -0.02160,
,,,00.216000000000,   0.00000,
,,,00.218000000000,   0.01680,
,,,00.220000000000,  -0.00160,
,,,00.222000000000,   0.00000,
,,,00.224000000000,   0.00800,
,,,00.226000000000,  -0.00560,
,,,00.228000000000,   0.00400,
,,,00.230000000000,   0.02320,
,,,00.232000000000,  -0.02160,
,,,00.234000000000,  -0.00080,
,,,00.236000000000,   0.02160,
,,,00.238000000000,   0.00320,
,,,00.240000000000,   0.00000,
,,,00.242000000000,   0.01120,
,,,00.244000000000,  -0.01600,
,,,00.246000000000,   0.00080,
,,,00.248000000000,   0.01920,
,,,00.250000000000,  -0.01280,
,,,00.252000000000,   0.00000,
,,,00.254000000000,   0.01360,
,,,00.256000000000,   0.00560,
,,,00.258000000000,  -0.01120,
,,,00.260000000000,   0.00960,
,,,00.262000000000,  -0.00480,
,,,00.264000000000,   0.00480,
,,,00.266000000000,   0.01120,
,,,00.268000000000,   0.00000,
,,,00.270000000000,   0.00320,
,,,00.272000000000,   0.03200,
,,,00.274000000000,  -0.00160,
,,,00.276000000000,  -0.02000,
,,,00.278000000000,   0.00640,
,,,00.280000000000,  -0.00720,
,,,00.282000000000,   0.00960,
,,,00.284000000000,   0.01360,
,,,00.286000000000,  -0.00240,
,,,00.288000000000,  -0.01280,
,,,00.290000000000,   0.01920,
,,,00.292000000000,  -0.00240,
,,,00.294000000000,  -0.01440,
,,,00.296000000000,   0.00400,
,,,00.298000000000,   0.00560,
,,,00.300000000000,   0.00240,
,,,00.302000000000,   0.00240,
,,,00.304000000000,   0.00480,
,,,00.306000000000,  -0.02000,
,,,00.308000000000,   0.02240,
,,,00.310000000000,   0.00160,
,,,00.312000000000,  -0.01920,
,,,00.314000000000,   0.00720,
,,,00.316000000000,   0.01200,
,,,00.318000000000,  -0.01040,
,,,00.320000000000,   0.00240,
,,,00.322000000000,  -0.00800,
,,,00.324000000000,  -0.01040,
,,,00.326000000000,   0.00800,
,,,00.328000000000,   0.00160,
,,,00.330000000000,  -0.01360,
,,,00.332000000000,   0.00720,
,,,00.334000000000,   0.02480,
,,,00.336000000000,  -0.01680,
,,,00.338000000000,  -0.00480,
,,,00.340000000000,   0.00800,
,,,00.342000000000,  -0.00720,
,,,00.344000000000,  -0.00160,
,,,00.346000000000,   0.00240,
,,,00.348000000000,  -0.01520,
,,,00.350000000000,   0.00000,
,,,00.352000000000,   0.02240,
,,,00.354000000000,  -0.00560,
,,,00.356000000000,   0.00160,
,,,00.358000000000,   0.00160,
,,,00.360000000000,  -0.00400,
,,,00.362000000000,   0.00240,
,,,00.364000000000,   0.01360,
,,,00.366000000000,  -0.01920,
,,,00.368000000000,   0.00000,
,,,00.370000000000,   0.02160,
,,,00.372000000000,   0.00480,
,,,00.374000000000,  -0.00160,
,,,00.376000000000,   0.01440,
,,,00.378000000000,  -0.00720,
,,,00.380000000000,  -0.00400,
,,,00.382000000000,   0.00800,
,,,00.384000000000,  -0.01440,
,,,00.386000000000,   0.00080,
,,,00.388000000000,   0.02800,
,,,00.390000000000,  -0.00080,
,,,00.392000000000,  -0.01280,
,,,00.394000000000,   0.02640,
,,,00.396000000000,   0.00000,
,,,00.398000000000,  -0.00320,
,,,00.400000000000,   0.01120,
,,,00.402000000000,   0.00800,
,,,00.404000000000,   0.00400,
,,,00.406000000000,   0.00080,
,,,00.408000000000,   0.00400,
,,,00.410000000000,   0.00080,
,,,00.412000000000,  -0.00480,
,,,00.414000000000,  -0.00240,
,,,00.416000000000,   0.00000,
,,,00.418000000000,   0.00560,
,,,00.420000000000,   0.00240,
,,,00.422000000000,   0.00000,
,,,00.424000000000,   0.00800,
,,,00.426000000000,   0.00320,
,,,00.428000000000,   0.00240,
,,,00.430000000000,   0.00160,
,,,00.432000000000,   0.00000,
,,,00.434000000000,   0.00640,
,,,00.436000000000,   0.00240,
,,,00.438000000000,  -0.00560,
,,,00.440000000000,  -0.00240,
,,,00.442000000000,   0.00000,
,,,00.444000000000,   0.00480,
,,,00.446000000000,   0.00000,
,,,00.448000000000,   0.00160,
,,,00.450000000000,   0.01120,
,,,00.452000000000,   0.01120,
,,,00.454000000000,   0.00000,
,,,00.456000000000,  -0.00240,
,,,00.458000000000,  -0.00160,
,,,00.460000000000,  -0.00240,
,,,00.462000000000,  -0.00080,
,,,00.464000000000,   0.00160,
,,,00.466000000000,   0.00720,
,,,00.468000000000,   0.00720,
,,,00.470000000000,   0.00080,
,,,00.472000000000,   0.00480,
,,,00.474000000000,   0.00240,
,,,00.476000000000,  -0.00560,
,,,00.478000000000,   0.00720,
,,,00.480000000000,   0.00320,
,,,00.482000000000,  -0.00160,
,,,00.484000000000,   0.00240,
,,,00.486000000000,  -0.00480,
,,,00.488000000000,   0.00720,
,,,00.490000000000,  -0.00240,
,,,00.492000000000,   0.00480,
,,,00.494000000000,  -0.00320,
,,,00.496000000000,   0.00480,
,,,00.498000000000,  -0.00240,
,,,00.500000000000,  -0.00560,
,,,00.502000000000,  -0.00080,
,,,00.504000000000,   0.00000,
,,,00.506000000000,   0.00240,
,,,00.508000000000,  -0.00080,
,,,00.510000000000,   0.00560,
,,,00.512000000000,   0.00080,
,,,00.514000000000,  -0.00480,
,,,00.516000000000,   0.00320,
,,,00.518000000000,   0.00800,
,,,00.520000000000,   0.00800,
,,,00.522000000000,   0.00240,
,,,00.524000000000,   0.00560,
,,,00.526000000000,   0.00320,
,,,00.528000000000,   0.00240,
,,,00.530000000000,   0.00000,
,,,00.532000000000,   0.00000,
,,,00.534000000000,  -0.00240,
,,,00.536000000000,  -0.00160,
,,,00.538000000000,   0.00000,
,,,00.540000000000,   0.00400,
,,,00.542000000000,   0.00080,
,,,00.544000000000,   0.01840,
,,,00.546000000000,  -0.01680,
,,,00.548000000000,   0.01840,
,,,00.550000000000,   0.00160,
,,,00.552000000000,  -0.00800,
,,,00.554000000000,   0.00400,
,,,00.556000000000,  -0.01360,
,,,00.558000000000,   0.01520,
,,,00.560000000000,  -0.01360,
,,,00.562000000000,   0.01120,
,,,00.564000000000,  -0.00240,
,,,00.566000000000,   0.00640,
,,,00.568000000000,   0.00640,
,,,00.570000000000,  -0.02000,
,,,00.572000000000,   0.02160,
,,,00.574000000000,  -0.00960,
,,,00.576000000000,   0.00560,
,,,00.578000000000,   0.00560,
,,,00.580000000000,  -0.00320,
,,,00.582000000000,   0.01120,
,,,00.584000000000,  -0.01440,
,,,00.586000000000,   0.01360,
,,,00.588000000000,   0.01120,
,,,00.590000000000,  -0.00880,
,,,00.592000000000,   0.00000,
,,,00.594000000000,  -0.00560,
,,,00.596000000000,   0.02160,
,,,00.598000000000,  -0.00400,
,,,00.600000000000,   0.01120,
,,,00.602000000000,   0.00960,
,,,00.604000000000,  -0.00160,
,,,00.606000000000,   0.01440,
,,,00.608000000000,  -0.00880,
,,,00.610000000000,   0.01680,
,,,00.612000000000,  -0.00560,
,,,00.614000000000,  -0.00160,
,,,00.616000000000,  -0.00320,
,,,00.618000000000,  -0.02080,
,,,00.620000000000,   0.01920,
,,,00.622000000000,   0.00000,
,,,00.624000000000,   0.00480,
,,,00.626000000000,   0.00800,
,,,00.628000000000,  -0.01120,
,,,00.630000000000,   0.01360,
,,,00.632000000000,  -0.01680,
,,,00.634000000000,   0.01520,
,,,00.636000000000,   0.00560,
,,,00.638000000000,  -0.00960,
,,,00.640000000000,   0.00240,
,,,00.642000000000,  -0.00880,
,,,00.644000000000,   0.02480,
,,,00.646000000000,  -0.00560,
,,,00.648000000000,   0.01040,
,,,00.650000000000,  -0.00400,
,,,00.652000000000,  -0.00560,
,,,00.654000000000,   0.00400,
,,,00.656000000000,  -0.02160,
,,,00.658000000000,   0.02880,
,,,00.660000000000,  -0.00960,
,,,00.662000000000,   0.00240,
,,,00.664000000000,   0.00320,
,,,00.666000000000,  -0.00240,
,,,00.668000000000,   0.01040,
,,,00.670000000000,  -0.02480,
,,,00.672000000000,   0.00400,
,,,00.674000000000,  -0.00560,
,,,00.676000000000,   0.00400,
,,,00.678000000000,   0.00720,
,,,00.680000000000,  -0.00960,
,,,00.682000000000,   0.01680,
,,,00.684000000000,   0.00560,
,,,00.686000000000,   0.00240,
,,,00.688000000000,  -0.00240,
,,,00.690000000000,  -0.00320,
,,,00.692000000000,   0.01360,
,,,00.694000000000,  -0.01040,
,,,00.696000000000,   0.00000,
,,,00.698000000000,  -0.00400,
,,,00.700000000000,   0.00400,
,,,00.702000000000,   0.00880,
,,,00.704000000000,  -0.02240,
,,,00.706000000000,   0.01360,
,,,00.708000000000,  -0.00240,
,,,00.710000000000,   0.00160,
,,,00.712000000000,   0.00080,
,,,00.714000000000,  -0.01520,
,,,00.716000000000,   0.02320,
,,,00.718000000000,  -0.00160,
,,,00.720000000000,   0.00000,
,,,00.722000000000,   0.01200,
,,,00.724000000000,   0.00160,
,,,00.726000000000,   0.00320,
,,,00.728000000000,  -0.02640,
,,,00.730000000000,   0.01280,
,,,00.732000000000,  -0.01360,
,,,00.734000000000,   0.00720,
,,,00.736000000000,  -0.00080,
,,,00.738000000000,  -0.00240,
,,,00.740000000000,   0.00800,
,,,00.742000000000,  -0.01520,
,,,00.744000000000,   0.01680,
,,,00.746000000000,  -0.00240,
,,,00.748000000000,  -0.00560,
,,,00.750000000000,  -0.00240,
,,,00.752000000000,  -0.00240,
,,,00.754000000000,   0.01680,
,,,00.756000000000,  -0.01200,
,,,00.758000000000,   0.00720,
,,,00.760000000000,  -0.00080,
,,,00.762000000000,  -0.00320,
,,,00.764000000000,   0.00640,
,,,00.766000000000,  -0.02640,
,,,00.768000000000,   0.01920,
,,,00.770000000000,  -0.00480,
,,,00.772000000000,  -0.00480,
,,,00.774000000000,   0.00240,
,,,00.776000000000,  -0.00880,
,,,00.778000000000,   0.02800,
,,,00.780000000000,  -0.01120,
,,,00.782000000000,   0.00160,
,,,00.784000000000,  -0.00400,
,,,00.786000000000,  -0.00560,
,,,00.788000000000,   0.00800,
,,,00.790000000000,  -0.02000,
,,,00.792000000000,   0.01360,
,,,00.794000000000,  -0.00400,
,,,00.796000000000,   0.00560,
,,,00.798000000000,   0.00560,
,,,00.800000000000,  -0.01360,
,,,00.802000000000,   0.02720,
,,,00.804000000000,  -0.01360,
,,,00.806000000000,   0.00000,
,,,00.808000000000,  -0.00160,
,,,00.810000000000,  -0.01040,
,,,00.812000000000,   0.01200,
,,,00.814000000000,  -0.01360,
,,,00.816000000000,   0.01360,
,,,00.818000000000,  -0.01040,
,,,00.820000000000,   0.00000,
,,,00.822000000000,  -0.00080,
,,,00.824000000000,  -0.01120,
,,,00.826000000000,   0.00000,
,,,00.828000000000,  -0.02080,
,,,00.830000000000,   0.00800,
,,,00.832000000000,   0.00080,
,,,00.834000000000,  -0.00240,
,,,00.836000000000,  -0.02960,
,,,00.838000000000,  -0.00160,
,,,00.840000000000,   0.03360,
,,,00.842000000000,  -0.00720,
,,,00.844000000000,   0.00080,
,,,00.846000000000,  -0.00560,
,,,00.848000000000,   0.00080,
,,,00.850000000000,   0.00880,
,,,00.852000000000,  -0.01920,
,,,00.854000000000,   0.00240,
,,,00.856000000000,  -0.00400,
,,,00.858000000000,   0.00560,
,,,00.860000000000,  -0.00080,
,,,00.862000000000,  -0.02080,
,,,00.864000000000,   0.01920,
,,,00.866000000000,  -0.00480,
,,,00.868000000000,  -0.00240,
,,,00.870000000000,   0.00400,
,,,00.872000000000,  -0.00400,
,,,00.874000000000,   0.02080,
,,,00.876000000000,  -0.01440,
,,,00.878000000000,   0.00880,
,,,00.880000000000,  -0.00560,
,,,00.882000000000,  -0.00160,
,,,00.884000000000,   0.00320,
,,,00.886000000000,  -0.02160,
,,,00.888000000000,   0.01600,
,,,00.890000000000,  -0.01120,
,,,00.892000000000,   0.00800,
,,,00.894000000000,   0.00000,
,,,00.896000000000,  -0.00400,
,,,00.898000000000,   0.01040,
,,,00.900000000000,  -0.02240,
,,,00.902000000000,   0.01440,
,,,00.904000000000,  -0.00160,
,,,00.906000000000,   0.00640,
,,,00.908000000000,   0.00160,
,,,00.910000000000,  -0.00400,
,,,00.912000000000,   0.00320,
,,,00.914000000000,  -0.02160,
,,,00.916000000000,   0.00640,
,,,00.918000000000,   0.00800,
,,,00.920000000000,  -0.00320,
,,,00.922000000000,   0.00160,
,,,00.924000000000,  -0.00480,
,,,00.926000000000,   0.02000,
,,,00.928000000000,  -0.00800,
,,,00.930000000000,   0.00240,
,,,00.932000000000,   0.00240,
,,,00.934000000000,  -0.01040,
,,,00.936000000000,   0.02400,
,,,00.938000000000,  -0.01600,
,,,00.940000000000,  -0.00240,
,,,00.942000000000,  -0.00240,
,,,00.944000000000,   0.00160,
,,,00.946000000000,   0.00240,
,,,00.948000000000,  -0.02480,
,,,00.950000000000,   0.01520,
,,,00.952000000000,  -0.00080,
,,,00.954000000000,  -0.00160,
,,,00.956000000000,  -0.00080,
,,,00.958000000000,   0.00160,
,,,00.960000000000,   0.02480,
,,,00.962000000000,  -0.00960,
,,,00.964000000000,   0.00320,
,,,00.966000000000,  -0.00320,
,,,00.968000000000,   0.00240,
,,,00.970000000000,   0.00480,
,,,00.972000000000,  -0.02320,
,,,00.974000000000,   0.00800,
,,,00.976000000000,  -0.00080,
,,,00.978000000000,   0.00400,
,,,00.980000000000,   0.00560,
,,,00.982000000000,  -0.00320,
,,,00.984000000000,   0.00240,
,,,00.986000000000,  -0.02320,
,,,00.988000000000,   0.01360,
,,,00.990000000000,  -0.00400,
,,,00.992000000000,   0.00160,
,,,00.994000000000,  -0.00320,
,,,00.996000000000,   0.00000,
,,,00.998000000000,   0.01440,
,,,01.000000000000,  -0.01360,
,,,01.002000000000,   0.00880,
,,,01.004000000000,   0.00480,
,,,01.006000000000,   0.00240,
,,,01.008000000000,   0.00400,
,,,01.010000000000,  -0.02160,
,,,01.012000000000,   0.01520,
,,,01.014000000000,  -0.00320,
,,,01.016000000000,   0.00240,
,,,01.018000000000,  -0.00240,
,,,01.020000000000,  -0.00960,
,,,01.022000000000,   0.02000,
,,,01.024000000000,  -0.01120,
,,,01.026000000000,   0.00320,
,,,01.028000000000,   0.00480,
,,,01.030000000000,  -0.00560,
,,,01.032000000000,   0.00320,
,,,01.034000000000,  -0.01840,
,,,01.036000000000,   0.00480,
,,,01.038000000000,   0.00000,
,,,01.040000000000,   0.00080,
,,,01.042000000000,  -0.00560,
,,,01.044000000000,  -0.01840,
,,,01.046000000000,   0.01520,
,,,01.048000000000,  -0.00320,
,,,01.050000000000,  -0.00240,
,,,01.052000000000,   0.00080,
,,,01.054000000000,  -0.00240,
,,,01.056000000000,   0.01120,
,,,01.058000000000,  -0.02000,
,,,01.060000000000,   0.01760,
,,,01.062000000000,   0.00560,
,,,01.064000000000,   0.00160,
,,,01.066000000000,   0.00240,
,,,01.068000000000,  -0.00560,
,,,01.070000000000,   0.00560,
,,,01.072000000000,  -0.01920,
,,,01.074000000000,   0.01840,
,,,01.076000000000,  -0.00400,
,,,01.078000000000,   0.00000,
,,,01.080000000000,   0.00560,
,,,01.082000000000,  -0.00400,
,,,01.084000000000,   0.01760,
,,,01.086000000000,  -0.01120,
,,,01.088000000000,  -0.00240,
,,,01.090000000000,  -0.00080,
,,,01.092000000000,  -0.00240,
,,,01.094000000000,   0.00560,
,,,01.096000000000,  -0.01920,
,,,01.098000000000,   0.01200,
,,,01.100000000000,  -0.00800,
,,,01.102000000000,   0.00320,
,,,01.104000000000,   0.00240,
,,,01.106000000000,  -0.01040,
,,,01.108000000000,   0.01600,
,,,01.110000000000,  -0.00480,
,,,01.112000000000,   0.00880,
,,,01.114000000000,   0.00080,
,,,01.116000000000,   0.00240,
,,,01.118000000000,   0.02240,
,,,01.120000000000,  -0.01280,
,,,01.122000000000,   0.00080,
,,,01.124000000000,   0.00160,
,,,01.126000000000,   0.00560,
,,,01.128000000000,   0.00240,
,,,01.130000000000,  -0.02160,
,,,01.132000000000,   0.01520,
,,,01.134000000000,  -0.00800,
,,,01.136000000000,  -0.00560,
,,,01.138000000000,   0.00720,
,,,01.140000000000,   0.00560,
,,,01.142000000000,   0.00240,
,,,01.144000000000,   0.00560,
,,,01.146000000000,   0.00560,
,,,01.148000000000,   0.00000,
,,,01.150000000000,  -0.00320,
,,,01.152000000000,   0.00800,
,,,01.154000000000,   0.00000,
,,,01.156000000000,   0.00560,
,,,01.158000000000,   0.00560,
,,,01.160000000000,   0.00560,
,,,01.162000000000,   0.00400,
,,,01.164000000000,  -0.00400,
,,,01.166000000000,  -0.00240,
,,,01.168000000000,   0.00320,
,,,01.170000000000,   0.00320,
,,,01.172000000000,  -0.00320,
,,,01.174000000000,   0.00400,
,,,01.176000000000,  -0.00400,
,,,01.178000000000,   0.00720,
,,,01.180000000000,   0.00880,
,,,01.182000000000,   0.00240,
,,,01.184000000000,   0.00480,
,,,01.186000000000,  -0.00560,
,,,01.188000000000,  -0.00480,
,,,01.190000000000,   0.00000,
,,,01.192000000000,   0.00320,
,,,01.194000000000,   0.00240,
,,,01.196000000000,  -0.00080,
,,,01.198000000000,   0.00000,
,,,01.200000000000,   0.00080,
,,,01.202000000000,  -0.00160,
,,,01.204000000000,   0.00640,
,,,01.206000000000,   0.00160,
,,,01.208000000000,   0.00320,
,,,01.210000000000,   0.00240,
,,,01.212000000000,   0.00640,
,,,01.214000000000,  -0.00320,
,,,01.216000000000,   0.00000,
,,,01.218000000000,  -0.00400,
,,,01.220000000000,   0.00640,
,,,01.222000000000,   0.00000,
,,,01.224000000000,  -0.00560,
,,,01.226000000000,  -0.00080,
,,,01.228000000000,   0.00320,
,,,01.230000000000,  -0.00320,
,,,01.232000000000,   0.00240,
,,,01.234000000000,   0.00320,
,,,01.236000000000,  -0.01440,
,,,01.238000000000,   0.00160,
,,,01.240000000000,   0.00640,
,,,01.242000000000,  -0.00080,
,,,01.244000000000,   0.00240,
,,,01.246000000000,  -0.00480,
,,,01.248000000000,  -0.00240,
,,,01.250000000000,  -0.00080,
,,,01.252000000000,  -0.00240,
,,,01.254000000000,  -0.00320,
,,,01.256000000000,   0.00080,
,,,01.258000000000,   0.00000,
,,,01.260000000000,   0.00240,
,,,01.262000000000,   0.00960,
,,,01.264000000000,  -0.00240,
,,,01.266000000000,   0.00240,
,,,01.268000000000,  -0.00480,
,,,01.270000000000,   0.00080,
,,,01.272000000000,   0.00240,
,,,01.274000000000,   0.00560,
,,,01.276000000000,  -0.01120,
,,,01.278000000000,  -0.03040,
,,,01.280000000000,  -0.01120,
,,,01.282000000000,  -0.02000,
,,,01.284000000000,  -0.00480,
,,,01.286000000000,   0.00080,
,,,01.288000000000,   0.00160,
,,,01.290000000000,   0.00160,
,,,01.292000000000,   0.00560,
,,,01.294000000000,  -0.02080,
,,,01.296000000000,   0.00240,
,,,01.298000000000,   0.02080,
,,,01.300000000000,   0.01360,
,,,01.302000000000,   0.01920,
,,,01.304000000000,   0.01120,
,,,01.306000000000,   0.02080,
,,,01.308000000000,   0.00400,
,,,01.310000000000,  -0.00560,
,,,01.312000000000,  -0.00800,
,,,01.314000000000,   0.00000,
,,,01.316000000000,  -0.00480,
,,,01.318000000000,  -0.01600,
,,,01.320000000000,  -0.01840,
,,,01.322000000000,  -0.02480,
,,,01.324000000000,  -0.02320,
,,,01.326000000000,  -0.00240,
,,,01.328000000000,   0.00000,
,,,01.330000000000,   0.00240,
,,,01.332000000000,   0.00080,
,,,01.334000000000,   0.00080,
,,,01.336000000000,   0.00160,
,,,01.338000000000,   0.00560,
,,,01.340000000000,   0.01520,
,,,01.342000000000,   0.01280,
,,,01.344000000000,   0.00960,
,,,01.346000000000,   0.01600,
,,,01.348000000000,   0.02000,
,,,01.350000000000,   0.00800,
,,,01.352000000000,   0.00800,
,,,01.354000000000,   0.00000,
,,,01.356000000000,  -0.00640,
,,,01.358000000000,   0.00160,
,,,01.360000000000,   0.00000,
,,,01.362000000000,  -0.02080,
,,,01.364000000000,  -0.02480,
,,,01.366000000000,  -0.01520,
,,,01.368000000000,  -0.00800,
,,,01.370000000000,  -0.01360,
,,,01.372000000000,  -0.00480,
,,,01.374000000000,  -0.00240,
,,,01.376000000000,   0.00240,
,,,01.378000000000,  -0.00240,
,,,01.380000000000,   0.00400,
,,,01.382000000000,   0.00000,
,,,01.384000000000,   0.01440,
,,,01.386000000000,   0.02400,
,,,01.388000000000,   0.02160,
,,,01.390000000000,   0.01360,
,,,01.392000000000,   0.01600,
,,,01.394000000000,   0.00400,
,,,01.396000000000,  -0.00560,
,,,01.398000000000,  -0.00400,
,,,01.400000000000,  -0.01040,
,,,01.402000000000,  -0.00560,
,,,01.404000000000,  -0.00960,
,,,01.406000000000,  -0.01040,
,,,01.408000000000,  -0.01680,
,,,01.410000000000,  -0.02560,
,,,01.412000000000,  -0.00560,
,,,01.414000000000,  -0.00800,
,,,01.416000000000,   0.00000,
,,,01.418000000000,   0.00240,
,,,01.420000000000,  -0.00320,
,,,01.422000000000,   0.01200,
,,,01.424000000000,   0.01200,
,,,01.426000000000,   0.01760,
,,,01.428000000000,   0.00720,
,,,01.430000000000,   0.01840,
,,,01.432000000000,   0.01760,
,,,01.434000000000,   0.01600,
,,,01.436000000000,   0.00160,
,,,01.438000000000,   0.01360,
,,,01.440000000000,   0.00400,
,,,01.442000000000,  -0.00080,
,,,01.444000000000,  -0.00560,
,,,01.446000000000,   0.00640,
,,,01.448000000000,  -0.02480,
,,,01.450000000000,  -0.02240,
,,,01.452000000000,  -0.02160,
,,,01.454000000000,  -0.00960,
,,,01.456000000000,  -0.01360,
,,,01.458000000000,   0.00000,
,,,01.460000000000,  -0.00480,
,,,01.462000000000,  -0.00160,
,,,01.464000000000,   0.00240,
,,,01.466000000000,   0.00960,
,,,01.468000000000,   0.00480,
,,,01.470000000000,   0.00480,
,,,01.472000000000,   0.01360,
,,,01.474000000000,   0.02960,
,,,01.476000000000,   0.01520,
,,,01.478000000000,   0.01360,
,,,01.480000000000,   0.01120,
,,,01.482000000000,  -0.00240,
,,,01.484000000000,  -0.00240,
,,,01.486000000000,  -0.00880,
,,,01.488000000000,   0.00080,
,,,01.490000000000,  -0.00560,
,,,01.492000000000,   0.00560,
,,,01.494000000000,  -0.02720,
,,,01.496000000000,  -0.02880,
,,,01.498000000000,   0.00080,
,,,01.500000000000,  -0.00880,
,,,01.502000000000,  -0.00800,
,,,01.504000000000,   0.00240,
,,,01.506000000000,   0.00000,
,,,01.508000000000,   0.00880,
,,,01.510000000000,   0.01200,
,,,01.512000000000,   0.01760,
,,,01.514000000000,   0.00880,
,,,01.516000000000,   0.02400,
,,,01.518000000000,   0.01360,
,,,01.520000000000,   0.02240,
,,,01.522000000000,   0.00720,
,,,01.524000000000,   0.01200,
,,,01.526000000000,   0.00080,
,,,01.528000000000,  -0.00480,
,,,01.530000000000,  -0.01600,
,,,01.532000000000,   0.00240,
,,,01.534000000000,  -0.00800,
,,,01.536000000000,  -0.00640,
,,,01.538000000000,  -0.01920,
,,,01.540000000000,  -0.01920,
,,,01.542000000000,  -0.01680,
,,,01.544000000000,   0.00800,
,,,01.546000000000,   0.00000,
,,,01.548000000000,   0.00400,
,,,01.550000000000,   0.00320,
,,,01.552000000000,  -0.00480,
,,,01.554000000000,   0.01120,
,,,01.556000000000,   0.00080,
,,,01.558000000000,   0.02800,
,,,01.560000000000,   0.02160,
,,,01.562000000000,   0.01760,
,,,01.564000000000,   0.00640,
,,,01.566000000000,   0.00960,
,,,01.568000000000,   0.00320,
,,,01.570000000000,  -0.00560,
,,,01.572000000000,  -0.00480,
,,,01.574000000000,   0.00400,
,,,01.576000000000,  -0.00800,
,,,01.578000000000,   0.00320,
,,,01.580000000000,  -0.02480,
,,,01.582000000000,  -0.02160,
,,,01.584000000000,  -0.02480,
,,,01.586000000000,  -0.01760,
,,,01.588000000000,  -0.01600,
,,,01.590000000000,   0.00160,
,,,01.592000000000,  -0.00160,
,,,01.594000000000,   0.00800,
,,,01.596000000000,  -0.00640,
,,,01.598000000000,   0.01200,
,,,01.600000000000,   0.01840,
,,,01.602000000000,   0.03120,
,,,01.604000000000,   0.01680,
,,,01.606000000000,   0.01360,
,,,01.608000000000,   0.01040,
,,,01.610000000000,   0.01600,
,,,01.612000000000,   0.00160,
,,,01.614000000000,   0.00400,
,,,01.616000000000,  -0.01120,
,,,01.618000000000,   0.00240,
,,,01.620000000000,  -0.01360,
,,,01.622000000000,  -0.00800,
,,,01.624000000000,  -0.00720,
,,,01.626000000000,  -0.02160,
,,,01.628000000000,  -0.02160,
,,,01.630000000000,  -0.00880,
,,,01.632000000000,   0.00560,
,,,01.634000000000,   0.00000,
,,,01.636000000000,   0.01280,
,,,01.638000000000,  -0.00560,
,,,01.640000000000,   0.00640,
,,,01.642000000000,   0.00080,
,,,01.644000000000,   0.01520,
,,,01.646000000000,   0.02400,
,,,01.648000000000,   0.00960,
,,,01.650000000000,   0.01120,
,,,01.652000000000,   0.01680,
,,,01.654000000000,  -0.00560,
,,,01.656000000000,   0.00560,
,,,01.658000000000,  -0.00480,
,,,01.660000000000,   0.00000,
,,,01.662000000000,  -0.00480,
,,,01.664000000000,   0.00400,
,,,01.666000000000,  -0.02720,
,,,01.668000000000,  -0.02320,
,,,01.670000000000,  -0.02160,
,,,01.672000000000,  -0.01680,
,,,01.674000000000,  -0.01760,
,,,01.676000000000,  -0.00320,
,,,01.678000000000,  -0.00240,
,,,01.680000000000,  -0.00240,
,,,01.682000000000,  -0.00480,
,,,01.684000000000,   0.00320,
,,,01.686000000000,   0.00800,
,,,01.688000000000,   0.00240,
,,,01.690000000000,   0.01280,
,,,01.692000000000,   0.02480,
,,,01.694000000000,   0.01680,
,,,01.696000000000,   0.01360,
,,,01.698000000000,   0.00800,
,,,01.700000000000,   0.00640,
,,,01.702000000000,  -0.00160,
,,,01.704000000000,   0.00240,
,,,01.706000000000,  -0.00240,
,,,01.708000000000,  -0.01600,
,,,01.710000000000,  -0.00880,
,,,01.712000000000,  -0.02320,
,,,01.714000000000,  -0.02480,
,,,01.716000000000,  -0.01120,
,,,01.718000000000,   0.00240,
,,,01.720000000000,  -0.00640,
,,,01.722000000000,  -0.00720,
,,,01.724000000000,   0.00160,
,,,01.726000000000,   0.00720,
,,,01.728000000000,  -0.00080,
,,,01.730000000000,   0.02240,
,,,01.732000000000,   0.01760,
,,,01.734000000000,   0.01600,
,,,01.736000000000,   0.00880,
,,,01.738000000000,   0.01680,
,,,01.740000000000,   0.00400,
,,,01.742000000000,   0.01040,
,,,01.744000000000,  -0.00400,
,,,01.746000000000,  -0.00560,
,,,01.748000000000,  -0.00560,
,,,01.750000000000,   0.00000,
,,,01.752000000000,  -0.01120,
,,,01.754000000000,  -0.02240,
,,,01.756000000000,  -0.02160,
,,,01.758000000000,  -0.01360,
,,,01.760000000000,  -0.01520,
,,,01.762000000000,  -0.00560,
,,,01.764000000000,   0.00240,
,,,01.766000000000,  -0.00160,
,,,01.768000000000,  -0.00080,
,,,01.770000000000,   0.00560,
,,,01.772000000000,   0.00640,
,,,01.774000000000,   0.01120,
,,,01.776000000000,   0.01360,
,,,01.778000000000,   0.01680,
,,,01.780000000000,   0.01600,
,,,01.782000000000,   0.01600,
,,,01.784000000000,   0.01360,
,,,01.786000000000,  -0.00320,
,,,01.788000000000,  -0.00160,
,,,01.790000000000,  -0.00320,
,,,01.792000000000,  -0.00240,
,,,01.794000000000,  -0.00640,
,,,01.796000000000,   0.00000,
,,,01.798000000000,  -0.02720,
,,,01.800000000000,  -0.03040,
,,,01.802000000000,  -0.02080,
,,,01.804000000000,  -0.00400,
,,,01.806000000000,  -0.01200,
,,,01.808000000000,   0.00800,
,,,01.810000000000,  -0.00480,
,,,01.812000000000,   0.00000,
,,,01.814000000000,   0.00240,
,,,01.816000000000,   0.00560,
,,,01.818000000000,   0.01680,
,,,01.820000000000,   0.02560,
,,,01.822000000000,   0.02880,
,,,01.824000000000,   0.01680,
,,,01.826000000000,   0.01200,
,,,01.828000000000,   0.05040,
,,,01.830000000000,  -0.00240,
,,,01.832000000000,   0.00320,
,,,01.834000000000,  -0.00560,
,,,01.836000000000,  -0.00720,
,,,01.838000000000,  -0.00560,
,,,01.840000000000,  -0.02240,
,,,01.842000000000,  -0.01840,
,,,01.844000000000,  -0.01680,
,,,01.846000000000,  -0.01680,
,,,01.848000000000,  -0.00560,
,,,01.850000000000,  -0.00240,
,,,01.852000000000,  -0.00640,
,,,01.854000000000,   0.00480,
,,,01.856000000000,   0.00560,
,,,01.858000000000,   0.00880,
,,,01.860000000000,   0.00080,
,,,01.862000000000,   0.01680,
,,,01.864000000000,   0.02480,
,,,01.866000000000,   0.01440,
,,,01.868000000000,   0.02160,
,,,01.870000000000,   0.01600,
,,,01.872000000000,  -0.00240,
,,,01.874000000000,   0.01360,
,,,01.876000000000,   0.00000,
,,,01.878000000000,  -0.00480,
,,,01.880000000000,   0.00000,
,,,01.882000000000,   0.00400,
,,,01.884000000000,   0.00640,
,,,01.886000000000,   0.00560,
,,,01.888000000000,   0.00800,
,,,01.890000000000,   0.00240,
,,,01.892000000000,   0.00240,
,,,01.894000000000,   0.00720,
,,,01.896000000000,   0.00880,
,,,01.898000000000,   0.00320,
,,,01.900000000000,  -0.00400,
,,,01.902000000000,  -0.00080,
,,,01.904000000000,   0.00560,
,,,01.906000000000,   0.00000,
,,,01.908000000000,  -0.00480,
,,,01.910000000000,   0.00000,
,,,01.912000000000,  -0.00400,
,,,01.914000000000,  -0.00160,
,,,01.916000000000,   0.00000,
,,,01.918000000000,   0.00720,
,,,01.920000000000,   0.00240,
,,,01.922000000000,  -0.00240,
,,,01.924000000000,   0.00160,
,,,01.926000000000,   0.00560,
,,,01.928000000000,   0.00240,
,,,01.930000000000,   0.00160,
,,,01.932000000000,   0.00560,
,,,01.934000000000,   0.00480,
,,,01.936000000000,  -0.00480,
,,,01.938000000000,   0.00560,
,,,01.940000000000,   0.00000,
,,,01.942000000000,  -0.00080,
,,,01.944000000000,   0.00000,
,,,01.946000000000,  -0.00480,
,,,01.948000000000,  -0.00240,
,,,01.950000000000,  -0.00240,
,,,01.952000000000,  -0.00080,
,,,01.954000000000,  -0.00560,
,,,01.956000000000,   0.00240,
,,,01.958000000000,   0.00000,
,,,01.960000000000,   0.00160,
,,,01.962000000000,   0.00240,
,,,01.964000000000,   0.00720,
,,,01.966000000000,   0.00240,
,,,01.968000000000,   0.00320,
,,,01.970000000000,  -0.00480,
,,,01.972000000000,   0.00400,
,,,01.974000000000,   0.00480,
,,,01.976000000000,   0.00640,
,,,01.978000000000,   0.00320,
,,,01.980000000000,  -0.00560,
,,,01.982000000000,   0.00240,
,,,01.984000000000,   0.00000,
,,,01.986000000000,   0.00480,
,,,01.988000000000,   0.00560,
,,,01.990000000000,  -0.00480,
,,,01.992000000000,  -0.00800,
,,,01.994000000000,  -0.00080,
,,,01.996000000000,  -0.00240,
,,,01.998000000000,  -0.00240,
,,,02.000000000000,  -0.00720,
,,,02.002000000000,  -0.00240,
,,,02.004000000000,  -0.00160,
,,,02.006000000000,   0.00560,
,,,02.008000000000,  -0.00800,
,,,02.010000000000,  -0.00560,
,,,02.012000000000,  -0.00560,
,,,02.014000000000,   0.00320,
,,,02.016000000000,  -0.00160,
,,,02.018000000000,   0.00480,
,,,02.020000000000,   0.00000,
,,,02.022000000000,  -0.00240,
,,,02.024000000000,   0.00160,
,,,02.026000000000,  -0.00400,
,,,02.028000000000,   0.00400,
,,,02.030000000000,   0.00000,
,,,02.032000000000,  -0.00240,
,,,02.034000000000,  -0.00480,
,,,02.036000000000,  -0.00480,
,,,02.038000000000,  -0.00800,
,,,02.040000000000,  -0.00160,
,,,02.042000000000,   0.00560,
,,,02.044000000000,  -0.00240,
,,,02.046000000000,  -0.00560,
,,,02.048000000000,  -0.00240,
,,,02.050000000000,  -0.00320,
,,,02.052000000000,   0.00240,
,,,02.054000000000,   0.00080,
,,,02.056000000000,  -0.00240,
,,,02.058000000000,   0.00400,
,,,02.060000000000,  -0.00160,
,,,02.062000000000,  -0.00480,
,,,02.064000000000,   0.00240,
,,,02.066000000000,   0.00080,
,,,02.068000000000,  -0.00160,
,,,02.070000000000,  -0.00480,
,,,02.072000000000,  -0.00240,
,,,02.074000000000,  -0.00080,
,,,02.076000000000,   0.00560,
,,,02.078000000000,  -0.00480,
,,,02.080000000000,   0.00000,
,,,02.082000000000,  -0.00240,
,,,02.084000000000,   0.00000,
,,,02.086000000000,   0.00320,
,,,02.088000000000,   0.00480,
,,,02.090000000000,   0.00400,
,,,02.092000000000,  -0.00080,
,,,02.094000000000,   0.00000,
,,,02.096000000000,  -0.00240,
,,,02.098000000000,  -0.00240,
,,,02.100000000000,   0.00240,
,,,02.102000000000,  -0.00160,
,,,02.104000000000,  -0.00080,
,,,02.106000000000,  -0.00240,
,,,02.108000000000,   0.00080,
,,,02.110000000000,   0.00240,
,,,02.112000000000,   0.00720,
,,,02.114000000000,   0.00400,
,,,02.116000000000,  -0.00560,
,,,02.118000000000,   0.01200,
,,,02.120000000000,   0.01440,
,,,02.122000000000,  -0.00080,
,,,02.124000000000,  -0.01440,
,,,02.126000000000,   0.00640,
,,,02.128000000000,  -0.00320,
,,,02.130000000000,  -0.00080,
,,,02.132000000000,  -0.00080,
,,,02.134000000000,   0.00240,
,,,02.136000000000,  -0.00720,
,,,02.138000000000,   0.00560,
,,,02.140000000000,   0.00720,
,,,02.142000000000,   0.00320,
,,,02.144000000000,   0.00800,
,,,02.146000000000,   0.01120,
,,,02.148000000000,  -0.00160,
,,,02.150000000000,  -0.00080,
,,,02.152000000000,   0.00000,
,,,02.154000000000,   0.00560,
,,,02.156000000000,   0.00000,
,,,02.158000000000,  -0.00400,
,,,02.160000000000,  -0.00080,
,,,02.162000000000,   0.00000,
,,,02.164000000000,   0.00080,
,,,02.166000000000,  -0.00240,
,,,02.168000000000,   0.00320,
,,,02.170000000000,   0.00240,
,,,02.172000000000,   0.00080,
,,,02.174000000000,   0.00560,
,,,02.176000000000,  -0.00240,
,,,02.178000000000,  -0.00160,
,,,02.180000000000,  -0.00640,
,,,02.182000000000,  -0.00640,
,,,02.184000000000,   0.00560,
,,,02.186000000000,   0.00720,
,,,02.188000000000,   0.00400,
,,,02.190000000000,  -0.00800,
,,,02.192000000000,  -0.00160,
,,,02.194000000000,  -0.00320,
,,,02.196000000000,   0.01120,
,,,02.198000000000,   0.00720,
,,,02.200000000000,  -0.00640,
,,,02.202000000000,  -0.00080,
,,,02.204000000000,  -0.00240,
,,,02.206000000000,   0.00720,
,,,02.208000000000,  -0.00240,
,,,02.210000000000,  -0.00240,
,,,02.212000000000,  -0.00240,
,,,02.214000000000,  -0.00160,
,,,02.216000000000,  -0.00400,
,,,02.218000000000,   0.01120,
,,,02.220000000000,  -0.00320,
,,,02.222000000000,   0.00000,
,,,02.224000000000,  -0.00160,
,,,02.226000000000,  -0.00080,
,,,02.228000000000,   0.00640,
,,,02.230000000000,   0.00000,
,,,02.232000000000,   0.00560,
,,,02.234000000000,   0.00240,
,,,02.236000000000,   0.00320,
,,,02.238000000000,  -0.00800,
,,,02.240000000000,  -0.00320,
,,,02.242000000000,   0.00240,
,,,02.244000000000,  -0.00560,
,,,02.246000000000,   0.00400,
,,,02.248000000000,   0.00560,
,,,02.250000000000,   0.00080,
,,,02.252000000000,   0.00000,
,,,02.254000000000,   0.00000,
,,,02.256000000000,   0.00640,
,,,02.258000000000,  -0.00240,
,,,02.260000000000,   0.00240,
,,,02.262000000000,   0.00800,
,,,02.264000000000,   0.00000,
,,,02.266000000000,   0.00240,
,,,02.268000000000,   0.00080,
,,,02.270000000000,  -0.00240,
,,,02.272000000000,  -0.00720,
,,,02.274000000000,   0.00240,
,,,02.276000000000,  -0.00160,
,,,02.278000000000,  -0.00560,
,,,02.280000000000,   0.00000,
,,,02.282000000000,  -0.00160,
,,,02.284000000000,   0.00240,
,,,02.286000000000,  -0.00240,
,,,02.288000000000,   0.00080,
,,,02.290000000000,   0.00640,
,,,02.292000000000,   0.00560,
,,,02.294000000000,  -0.00480,
,,,02.296000000000,   0.00560,
,,,02.298000000000,   0.00240,
,,,02.300000000000,   0.00240,
,,,02.302000000000,   0.00560,
,,,02.304000000000,   0.00560,
,,,02.306000000000,  -0.00400,
,,,02.308000000000,   0.00000,
,,,02.310000000000,   0.00400,
,,,02.312000000000,  -0.00320,
,,,02.314000000000,   0.01200,
,,,02.316000000000,   0.00560,
,,,02.318000000000,   0.00480,
,,,02.320000000000,   0.00240,
,,,02.322000000000,   0.00000,
,,,02.324000000000,   0.00720,
,,,02.326000000000,   0.00000,
,,,02.328000000000,   0.00000,
,,,02.330000000000,   0.00240,
,,,02.332000000000,  -0.00400,
,,,02.334000000000,  -0.00080,
,,,02.336000000000,   0.01440,
,,,02.338000000000,   0.00000,
,,,02.340000000000,   0.00160,
,,,02.342000000000,   0.00560,
,,,02.344000000000,  -0.00080,
,,,02.346000000000,   0.00640,
,,,02.348000000000,   0.00080,
,,,02.350000000000,   0.00080,
,,,02.352000000000,  -0.00240,
,,,02.354000000000,  -0.00240,
,,,02.356000000000,  -0.00240,
,,,02.358000000000,   0.01280,
,,,02.360000000000,   0.00160,
,,,02.362000000000,   0.00000,
,,,02.364000000000,   0.00720,
,,,02.366000000000,   0.00320,
,,,02.368000000000,   0.00000,
,,,02.370000000000,   0.00240,
,,,02.372000000000,  -0.00400,
,,,02.374000000000,  -0.00560,
,,,02.376000000000,   0.00000,
,,,02.378000000000,   0.00720,
,,,02.380000000000,   0.00000,
,,,02.382000000000,   0.00400,
,,,02.384000000000,   0.00160,
,,,02.386000000000,   0.00000,
,,,02.388000000000,   0.00080,
,,,02.390000000000,   0.00240,
,,,02.392000000000,   0.00640,
,,,02.394000000000,  -0.00320,
,,,02.396000000000,   0.00080,
,,,02.398000000000,  -0.00240,
,,,02.400000000000,  -0.00320,
,,,02.402000000000,   0.00080,
,,,02.404000000000,  -0.00480,
,,,02.406000000000,  -0.00400,
,,,02.408000000000,  -0.00160,
,,,02.410000000000,  -0.00240,
,,,02.412000000000,  -0.00240,
,,,02.414000000000,   0.00160,
,,,02.416000000000,  -0.00320,
,,,02.418000000000,   0.00720,
,,,02.420000000000,  -0.00240,
,,,02.422000000000,  -0.00080,
,,,02.424000000000,   0.00400,
,,,02.426000000000,   0.00800,
,,,02.428000000000,   0.00000,
,,,02.430000000000,  -0.00240,
,,,02.432000000000,   0.00000,
,,,02.434000000000,  -0.00560,
,,,02.436000000000,  -0.00480,
,,,02.438000000000,   0.00400,
,,,02.440000000000,  -0.00320,
,,,02.442000000000,   0.00000,
,,,02.444000000000,   0.00640,
,,,02.446000000000,  -0.00240,
,,,02.448000000000,   0.00320,
,,,02.450000000000,  -0.00480,
,,,02.452000000000,  -0.00320,
,,,02.454000000000,   0.00080,
,,,02.456000000000,  -0.00320,
,,,02.458000000000,  -0.00640,
,,,02.460000000000,   0.00800,
,,,02.462000000000,   0.00240,
,,,02.464000000000,  -0.00240,
,,,02.466000000000,   0.00080,
,,,02.468000000000,   0.00800,
,,,02.470000000000,   0.00160,
,,,02.472000000000,  -0.00080,
,,,02.474000000000,  -0.00160,
,,,02.476000000000,   0.00080,
,,,02.478000000000,  -0.00320,
,,,02.480000000000,  -0.00480,
,,,02.482000000000,  -0.00480,
,,,02.484000000000,  -0.00560,
,,,02.486000000000,  -0.00240,
,,,02.488000000000,  -0.00400,
,,,02.490000000000,   0.00400,
,,,02.492000000000,   0.00000,
,,,02.494000000000,   0.06160,
,,,02.496000000000,   0.00240,
,,,02.498000000000,   0.00320,
,,,02.500000000000,  -0.00880,
,,,02.502000000000,   0.00560,
,,,02.504000000000,   0.00640,
,,,02.506000000000,   0.00160,
,,,02.508000000000,   0.00560,
,,,02.510000000000,  -0.00240,
,,,02.512000000000,   0.00320,
,,,02.514000000000,   0.01280,
,,,02.516000000000,   0.00800,
,,,02.518000000000,  -0.00320,
,,,02.520000000000,   0.00480,
,,,02.522000000000,   0.00240,
,,,02.524000000000,   0.00800,
,,,02.526000000000,  -0.00160,
,,,02.528000000000,   0.00560,
,,,02.530000000000,   0.00480,
,,,02.532000000000,   0.00880,
,,,02.534000000000,   0.00960,
,,,02.536000000000,   0.00320,
,,,02.538000000000,  -0.00320,
,,,02.540000000000,   0.00000,
,,,02.542000000000,   0.00560,
,,,02.544000000000,  -0.00320,
,,,02.546000000000,  -0.00480,
,,,02.548000000000,   0.00160,
,,,02.550000000000,   0.00240,
,,,02.552000000000,  -0.00080,
,,,02.554000000000,   0.00080,
,,,02.556000000000,   0.00240,
,,,02.558000000000,   0.00480,
,,,02.560000000000,   0.00320,
,,,02.562000000000,   0.00000,
,,,02.564000000000,  -0.00080,
,,,02.566000000000,  -0.00640,
,,,02.568000000000,  -0.00480,
,,,02.570000000000,   0.00480,
,,,02.572000000000,   0.00160,
,,,02.574000000000,   0.00000,
,,,02.576000000000,   0.00160,
,,,02.578000000000,   0.00480,
,,,02.580000000000,  -0.00240,
,,,02.582000000000,   0.00480,
,,,02.584000000000,   0.00800,
,,,02.586000000000,   0.00320,
,,,02.588000000000,  -0.00400,
,,,02.590000000000,  -0.00240,
,,,02.592000000000,  -0.00480,
,,,02.594000000000,   0.00240,
,,,02.596000000000,  -0.00480,
,,,02.598000000000,   0.00560,
,,,02.600000000000,  -0.01120,
,,,02.602000000000,   0.00320,
,,,02.604000000000,   0.00480,
,,,02.606000000000,  -0.00240,
,,,02.608000000000,   0.00160,
,,,02.610000000000,  -0.00640,
,,,02.612000000000,  -0.00080,
,,,02.614000000000,   0.00320,
,,,02.616000000000,   0.00320,
,,,02.618000000000,  -0.00080,
,,,02.620000000000,   0.00880,
,,,02.622000000000,   0.00160,
,,,02.624000000000,   0.00320,
,,,02.626000000000,   0.00240,
,,,02.628000000000,  -0.00480,
,,,02.630000000000,   0.00240,
,,,02.632000000000,   0.00560,
,,,02.634000000000,   0.00160,
,,,02.636000000000,   0.00160,
,,,02.638000000000,  -0.00240,
,,,02.640000000000,  -0.00240,
,,,02.642000000000,   0.00240,
,,,02.644000000000,  -0.00160,
,,,02.646000000000,   0.00240,
,,,02.648000000000,  -0.00560,
,,,02.650000000000,  -0.00160,
,,,02.652000000000,  -0.00160,
,,,02.654000000000,   0.01120,
,,,02.656000000000,   0.00720,
,,,02.658000000000,   0.00560,
,,,02.660000000000,  -0.00080,
,,,02.662000000000,   0.00560,
,,,02.664000000000,   0.00640,
,,,02.666000000000,   0.00320,
,,,02.668000000000,   0.00560,
,,,02.670000000000,  -0.00240,
,,,02.672000000000,   0.00080,
,,,02.674000000000,   0.00720,
,,,02.676000000000,   0.00240,
,,,02.678000000000,   0.01440,
,,,02.680000000000,  -0.00480,
,,,02.682000000000,  -0.00320,
,,,02.684000000000,   0.00560,
,,,02.686000000000,   0.00320,
,,,02.688000000000,   0.00640,
,,,02.690000000000,   0.01280,
,,,02.692000000000,   0.00080,
,,,02.694000000000,   0.00800,
,,,02.696000000000,   0.00160,
,,,02.698000000000,   0.00160,
,,,02.700000000000,  -0.00560,
,,,02.702000000000,   0.00480,
,,,02.704000000000,  -0.00480,
,,,02.706000000000,   0.00640,
,,,02.708000000000,   0.00480,
,,,02.710000000000,   0.00720,
,,,02.712000000000,   0.00320,
,,,02.714000000000,   0.00160,
,,,02.716000000000,   0.00080,
,,,02.718000000000,   0.00240,
,,,02.720000000000,   0.00560,
,,,02.722000000000,   0.00240,
,,,02.724000000000,  -0.00560,
,,,02.726000000000,   0.00000,
,,,02.728000000000,   0.00240,
,,,02.730000000000,   0.00160,
,,,02.732000000000,   0.00480,
,,,02.734000000000,   0.00240,
,,,02.736000000000,   0.00240,
,,,02.738000000000,   0.00080,
,,,02.740000000000,   0.00240,
,,,02.742000000000,  -0.00240,
,,,02.744000000000,   0.00640,
,,,02.746000000000,  -0.00160,
,,,02.748000000000,  -0.00960,
,,,02.750000000000,   0.00080,
,,,02.752000000000,  -0.00320,
,,,02.754000000000,   0.00480,
,,,02.756000000000,   0.00320,
,,,02.758000000000,   0.00000,
,,,02.760000000000,   0.00560,
,,,02.762000000000,   0.00240,
,,,02.764000000000,  -0.00240,
,,,02.766000000000,  -0.00240,
,,,02.768000000000,   0.00320,
,,,02.770000000000,  -0.00080,
,,,02.772000000000,  -0.00240,
,,,02.774000000000,  -0.00240,
,,,02.776000000000,   0.00080,
,,,02.778000000000,   0.00720,
,,,02.780000000000,   0.00400,
,,,02.782000000000,  -0.00320,
,,,02.784000000000,  -0.00800,
,,,02.786000000000,   0.00080,
,,,02.788000000000,   0.00560,
,,,02.790000000000,  -0.00480,
,,,02.792000000000,   0.00080,
,,,02.794000000000,  -0.00240,
,,,02.796000000000,  -0.00160,
,,,02.798000000000,  -0.00560,
,,,02.800000000000,   0.00080,
,,,02.802000000000,   0.00560,
,,,02.804000000000,   0.00560,
,,,02.806000000000,   0.00000,
,,,02.808000000000,  -0.00960,
,,,02.810000000000,  -0.00160,
,,,02.812000000000,   0.00400,
,,,02.814000000000,  -0.00320,
,,,02.816000000000,  -0.00240,
,,,02.818000000000,   0.00880,
,,,02.820000000000,   0.00080,
,,,02.822000000000,  -0.00240,
,,,02.824000000000,  -0.00240,
,,,02.826000000000,  -0.00400,
,,,02.828000000000,  -0.01360,
,,,02.830000000000,   0.00000,
,,,02.832000000000,   0.00240,
,,,02.834000000000,  -0.00240,
,,,02.836000000000,   0.00000,
,,,02.838000000000,   0.00800,
,,,02.840000000000,  -0.00320,
,,,02.842000000000,  -0.00160,
,,,02.844000000000,   0.00880,
,,,02.846000000000,   0.00560,
,,,02.848000000000,  -0.00400,
,,,02.850000000000,  -0.00240,
,,,02.852000000000,  -0.00080,
,,,02.854000000000,  -0.00480,
,,,02.856000000000,  -0.00080,
,,,02.858000000000,   0.00560,
,,,02.860000000000,  -0.00080,
,,,02.862000000000,   0.00800,
,,,02.864000000000,   0.00160,
,,,02.866000000000,  -0.00560,
,,,02.868000000000,   0.00240,
,,,02.870000000000,   0.00320,
,,,02.872000000000,   0.00000,
,,,02.874000000000,  -0.00560,
,,,02.876000000000,  -0.00320,
,,,02.878000000000,   0.00800,
,,,02.880000000000,  -0.00160,
,,,02.882000000000,  -0.00320,
,,,02.884000000000,  -0.00080,
,,,02.886000000000,  -0.00800,
,,,02.888000000000,  -0.00560,
,,,02.890000000000,   0.00080,
,,,02.892000000000,   0.00560,
,,,02.894000000000,  -0.00480,
,,,02.896000000000,  -0.00080,
,,,02.898000000000,   0.00560,
,,,02.900000000000,   0.00480,
,,,02.902000000000,   0.00320,
,,,02.904000000000,   0.00160,
,,,02.906000000000,   0.00080,
,,,02.908000000000,  -0.00480,
,,,02.910000000000,  -0.00480,
,,,02.912000000000,   0.00240,
,,,02.914000000000,   0.00000,
,,,02.916000000000,  -0.00080,
,,,02.918000000000,  -0.00720,
,,,02.920000000000,  -0.00080,
,,,02.922000000000,  -0.00560,
,,,02.924000000000,   0.00560,
,,,02.926000000000,  -0.00480,
,,,02.928000000000,   0.00160,
,,,02.930000000000,  -0.01600,
,,,02.932000000000,   0.00160,
,,,02.934000000000,  -0.00240,
,,,02.936000000000,  -0.00160,
,,,02.938000000000,   0.00240,
,,,02.940000000000,   0.00560,
,,,02.942000000000,  -0.00560,
,,,02.944000000000,  -0.00080,
,,,02.946000000000,  -0.00480,
,,,02.948000000000,   0.00240,
,,,02.950000000000,  -0.00720,
,,,02.952000000000,  -0.00640,
,,,02.954000000000,  -0.00160,
,,,02.956000000000,  -0.00400,
,,,02.958000000000,   0.00560,
,,,02.960000000000,   0.00000,
,,,02.962000000000,   0.00560,
,,,02.964000000000,  -0.00080,
,,,02.966000000000,  -0.00240,
,,,02.968000000000,  -0.00480,
,,,02.970000000000,  -0.00720,
,,,02.972000000000,  -0.00400,
,,,02.974000000000,   0.00480,
,,,02.976000000000,   0.00000,
,,,02.978000000000,  -0.00480,
,,,02.980000000000,   0.00480,
,,,02.982000000000,   0.00640,
,,,02.984000000000,  -0.00400,
,,,02.986000000000,  -0.00480,
,,,02.988000000000,  -0.00240,
,,,02.990000000000,   0.00880,
,,,02.992000000000,   0.00640,
,,,02.994000000000,   0.00800,
,,,02.996000000000,  -0.00160,
,,,02.998000000000,  -0.00240,
,,,03.000000000000,   0.00480,
,,,03.002000000000,   0.00400,
,,,03.004000000000,  -0.00240,
,,,03.006000000000,   0.00320,
,,,03.008000000000,   0.00240,
,,,03.010000000000,  -0.00240,
,,,03.012000000000,   0.00080,
,,,03.014000000000,   0.00560,
,,,03.016000000000,   0.00640,
,,,03.018000000000,   0.00080,
,,,03.020000000000,   0.00080,
,,,03.022000000000,   0.00320,
,,,03.024000000000,  -0.00400,
,,,03.026000000000,   0.00000,
,,,03.028000000000,   0.00640,
,,,03.030000000000,   0.00000,
,,,03.032000000000,  -0.00560,
,,,03.034000000000,   0.00160,
,,,03.036000000000,   0.00560,
,,,03.038000000000,   0.00000,
,,,03.040000000000,   0.00080,
,,,03.042000000000,  -0.00160,
,,,03.044000000000,  -0.00080,
,,,03.046000000000,  -0.00400,
,,,03.048000000000,   0.00560,
,,,03.050000000000,  -0.00240,
,,,03.052000000000,   0.00560,
,,,03.054000000000,   0.00640,
,,,03.056000000000,  -0.00560,
,,,03.058000000000,   0.00240,
,,,03.060000000000,   0.00240,
,,,03.062000000000,   0.00240,
,,,03.064000000000,  -0.00160,
,,,03.066000000000,   0.00400,
,,,03.068000000000,  -0.00160,
,,,03.070000000000,   0.00560,
,,,03.072000000000,  -0.00240,
,,,03.074000000000,  -0.00160,
,,,03.076000000000,   0.00880,
,,,03.078000000000,   0.00080,
,,,03.080000000000,  -0.00240,
,,,03.082000000000,   0.00320,
,,,03.084000000000,   0.00000,
,,,03.086000000000,   0.00000,
,,,03.088000000000,  -0.00560,
,,,03.090000000000,  -0.00640,
,,,03.092000000000,   0.00800,
,,,03.094000000000,  -0.00160,
,,,03.096000000000,   0.00000,
,,,03.098000000000,   0.00720,
,,,03.100000000000,   0.00080,
,,,03.102000000000,   0.00640,
,,,03.104000000000,   0.00080,
,,,03.106000000000,   0.00560,
,,,03.108000000000,  -0.00160,
,,,03.110000000000,   0.00320,
,,,03.112000000000,   0.00880,
,,,03.114000000000,  -0.00240,
,,,03.116000000000,  -0.00560,
,,,03.118000000000,   0.00080,
,,,03.120000000000,   0.00080,
,,,03.122000000000,  -0.00160,
,,,03.124000000000,   0.00000,
,,,03.126000000000,   0.00320,
,,,03.128000000000,   0.00480,
,,,03.130000000000,  -0.00560,
,,,03.132000000000,   0.00400,
,,,03.134000000000,  -0.00640,
,,,03.136000000000,  -0.00480,
,,,03.138000000000,  -0.00160,
,,,03.140000000000,   0.00400,
,,,03.142000000000,   0.00160,
,,,03.144000000000,  -0.00240,
,,,03.146000000000,  -0.00160,
,,,03.148000000000,  -0.00080,
,,,03.150000000000,   0.00080,
,,,03.152000000000,   0.00160,
,,,03.154000000000,   0.00480,
,,,03.156000000000,  -0.00480,
,,,03.158000000000,   0.00400,
,,,03.160000000000,   0.00240,
,,,03.162000000000,  -0.00800,
,,,03.164000000000,  -0.00640,
,,,03.166000000000,  -0.00480,
,,,03.168000000000,   0.00560,
,,,03.170000000000,  -0.00160,
,,,03.172000000000,  -0.00560,
,,,03.174000000000,  -0.00400,
,,,03.176000000000,   0.00240,
,,,03.178000000000,   0.00560,
,,,03.180000000000,  -0.00240,
,,,03.182000000000,  -0.00160,
,,,03.184000000000,   0.00000,
,,,03.186000000000,   0.00000,
,,,03.188000000000,   0.00240,
,,,03.190000000000,  -0.00080,
,,,03.192000000000,   0.00000,
,,,03.194000000000,  -0.00080,
,,,03.196000000000,   0.00000,
,,,03.198000000000,   0.00720,
,,,03.200000000000,   0.00400,
,,,03.202000000000,   0.00080,
,,,03.204000000000,   0.00080,
,,,03.206000000000,   0.00640,
,,,03.208000000000,   0.00160,
,,,03.210000000000,  -0.00240,
,,,03.212000000000,  -0.00320,
,,,03.214000000000,   0.00240,
,,,03.216000000000,   0.00000,
,,,03.218000000000,   0.00080,
,,,03.220000000000,   0.00080,
,,,03.222000000000,   0.00240,
,,,03.224000000000,  -0.00400,
,,,03.226000000000,  -0.00240,
,,,03.228000000000,  -0.00480,
,,,03.230000000000,  -0.00240,
,,,03.232000000000,   0.00560,
,,,03.234000000000,  -0.00560,
,,,03.236000000000,   0.00080,
,,,03.238000000000,   0.00400,
,,,03.240000000000,   0.00240,
,,,03.242000000000,   0.00080,
,,,03.244000000000,   0.00560,
,,,03.246000000000,   0.00240,
,,,03.248000000000,  -0.00400,
,,,03.250000000000,  -0.00080,
,,,03.252000000000,  -0.00160,
,,,03.254000000000,   0.00240,
,,,03.256000000000,  -0.00160,
,,,03.258000000000,   0.00240,
,,,03.260000000000,   0.00320,
,,,03.262000000000,   0.00240,
,,,03.264000000000,   0.00000,
,,,03.266000000000,   0.00560,
,,,03.268000000000,   0.00240,
,,,03.270000000000,  -0.00240,
,,,03.272000000000,  -0.00480,
,,,03.274000000000,   0.00080,
,,,03.276000000000,   0.00240,
,,,03.278000000000,   0.00640,
,,,03.280000000000,   0.00480,
,,,03.282000000000,  -0.00480,
,,,03.284000000000,   0.00400,
,,,03.286000000000,   0.00480,
,,,03.288000000000,   0.00320,
,,,03.290000000000,   0.00640,
,,,03.292000000000,   0.00000,
,,,03.294000000000,   0.00080,
,,,03.296000000000,   0.00640,
,,,03.298000000000,   0.00640,
,,,03.300000000000,   0.00240,
,,,03.302000000000,  -0.00240,
,,,03.304000000000,   0.00560,
,,,03.306000000000,   0.00000,
,,,03.308000000000,   0.00000,
,,,03.310000000000,  -0.00320,
,,,03.312000000000,  -0.00240,
,,,03.314000000000,   0.00000,
,,,03.316000000000,   0.00000,
,,,03.318000000000,   0.00400,
,,,03.320000000000,   0.00320,
,,,03.322000000000,   0.00560,
,,,03.324000000000,   0.00800,
,,,03.326000000000,   0.00640,
,,,03.328000000000,   0.00080,
,,,03.330000000000,  -0.00720,
,,,03.332000000000,  -0.00240,
,,,03.334000000000,  -0.00800,
,,,03.336000000000,  -0.00480,
,,,03.338000000000,  -0.00320,
,,,03.340000000000,  -0.00560,
,,,03.342000000000,  -0.00480,
,,,03.344000000000,  -0.00240,
,,,03.346000000000,  -0.00400,
,,,03.348000000000,   0.00000,
,,,03.350000000000,  -0.00320,
,,,03.352000000000,  -0.00240,
,,,03.354000000000,   0.00240,
,,,03.356000000000,  -0.00160,
,,,03.358000000000,   0.00400,
,,,03.360000000000,  -0.00080,
,,,03.362000000000,  -0.00320,
,,,03.364000000000,  -0.00240,
,,,03.366000000000,  -0.00240,
,,,03.368000000000,  -0.00480,
,,,03.370000000000,  -0.00240,
,,,03.372000000000,   0.00560,
,,,03.374000000000,   0.00320,
,,,03.376000000000,   0.00560,
,,,03.378000000000,  -0.00320,
,,,03.380000000000,   0.00080,
,,,03.382000000000,   0.00160,
,,,03.384000000000,   0.00160,
,,,03.386000000000,  -0.00240,
,,,03.388000000000,  -0.00400,
,,,03.390000000000,   0.00160,
,,,03.392000000000,  -0.00080,
,,,03.394000000000,  -0.00240,
,,,03.396000000000,  -0.00800,
,,,03.398000000000,   0.00240,
,,,03.400000000000,   0.00240,
,,,03.402000000000,   0.00560,
,,,03.404000000000,   0.00080,
,,,03.406000000000,   0.00160,
,,,03.408000000000,   0.01120,
,,,03.410000000000,  -0.00800,
,,,03.412000000000,  -0.00320,
,,,03.414000000000,   0.00480,
,,,03.416000000000,   0.00480,
,,,03.418000000000,   0.00080,
,,,03.420000000000,  -0.00400,
,,,03.422000000000,  -0.00480,
,,,03.424000000000,  -0.00080,
,,,03.426000000000,  -0.00480,
,,,03.428000000000,  -0.00400,
,,,03.430000000000,   0.00560,
,,,03.432000000000,   0.00240,
,,,03.434000000000,   0.00640,
,,,03.436000000000,   0.00160,
,,,03.438000000000,  -0.00240,
,,,03.440000000000,  -0.00240,
,,,03.442000000000,  -0.00160,
,,,03.444000000000,  -0.00080,
,,,03.446000000000,   0.00160,
,,,03.448000000000,  -0.00160,
,,,03.450000000000,   0.00720,
,,,03.452000000000,  -0.00320,
,,,03.454000000000,   0.00240,
,,,03.456000000000,  -0.00640,
,,,03.458000000000,  -0.00480,
,,,03.460000000000,   0.00000,
,,,03.462000000000,  -0.00160,
,,,03.464000000000,  -0.00320,
,,,03.466000000000,  -0.00800,
,,,03.468000000000,  -0.00240,
,,,03.470000000000,  -0.00560,
,,,03.472000000000,  -0.00320,
,,,03.474000000000,   0.00400,
,,,03.476000000000,  -0.00720,
,,,03.478000000000,  -0.00640,
,,,03.480000000000,   0.00480,
,,,03.482000000000,  -0.00400,
,,,03.484000000000,   0.00000,
,,,03.486000000000,   0.00240,
,,,03.488000000000,   0.00000,
,,,03.490000000000,   0.00800,
,,,03.492000000000,   0.00320,
,,,03.494000000000,   0.00560,
,,,03.496000000000,   0.00160,
,,,03.498000000000,   0.00000,
,,,03.500000000000,   0.00720,
,,,03.502000000000,  -0.00480,
,,,03.504000000000,   0.01040,
,,,03.506000000000,  -0.00240,
,,,03.508000000000,   0.00240,
,,,03.510000000000,   0.00240,
,,,03.512000000000,   0.00160,
,,,03.514000000000,   0.00240,
,,,03.516000000000,  -0.00080,
,,,03.518000000000,   0.00080,
,,,03.520000000000,  -0.00800,
,,,03.522000000000,   0.00480,
,,,03.524000000000,  -0.00240,
,,,03.526000000000,   0.00320,
,,,03.528000000000,  -0.00880,
,,,03.530000000000,   0.00320,
,,,03.532000000000,  -0.00160,
,,,03.534000000000,   0.00480,
,,,03.536000000000,  -0.00480,
,,,03.538000000000,  -0.00240,
,,,03.540000000000,   0.00400,
,,,03.542000000000,   0.00000,
,,,03.544000000000,   0.00240,
,,,03.546000000000,   0.00240,
,,,03.548000000000,  -0.00320,
,,,03.550000000000,   0.00400,
,,,03.552000000000,   0.00000,
,,,03.554000000000,  -0.00080,
,,,03.556000000000,  -0.00240,
,,,03.558000000000,   0.00320,
,,,03.560000000000,  -0.00080,
,,,03.562000000000,  -0.00240,
,,,03.564000000000,   0.00400,
,,,03.566000000000,   0.00320,
,,,03.568000000000,   0.00320,
,,,03.570000000000,  -0.00160,
,,,03.572000000000,  -0.00320,
,,,03.574000000000,   0.00240,
,,,03.576000000000,  -0.00480,
,,,03.578000000000,  -0.00320,
,,,03.580000000000,   0.00240,
,,,03.582000000000,  -0.00240,
,,,03.584000000000,  -0.00240,
,,,03.586000000000,   0.00160,
,,,03.588000000000,   0.00640,
,,,03.590000000000,   0.00000,
,,,03.592000000000,   0.00160,
,,,03.594000000000,   0.00400,
,,,03.596000000000,  -0.00240,
,,,03.598000000000,  -0.00080,
,,,03.600000000000,   0.00080,
,,,03.602000000000,   0.00240,
,,,03.604000000000,   0.00560,
,,,03.606000000000,  -0.00080,
,,,03.608000000000,   0.00000,
,,,03.610000000000,  -0.00080,
,,,03.612000000000,   0.00320,
,,,03.614000000000,  -0.00160,
,,,03.616000000000,  -0.00320,
,,,03.618000000000,   0.00560,
,,,03.620000000000,  -0.00800,
,,,03.622000000000,  -0.00560,
,,,03.624000000000,   0.00000,
,,,03.626000000000,   0.00400,
,,,03.628000000000,   0.00160,
,,,03.630000000000,  -0.00080,
,,,03.632000000000,   0.00000,
,,,03.634000000000,   0.00480,
,,,03.636000000000,   0.00080,
,,,03.638000000000,  -0.00240,
,,,03.640000000000,   0.00320,
,,,03.642000000000,   0.00400,
,,,03.644000000000,   0.00240,
,,,03.646000000000,   0.00000,
,,,03.648000000000,   0.00000,
,,,03.650000000000,  -0.00560,
,,,03.652000000000,   0.01280,
,,,03.654000000000,   0.00880,
,,,03.656000000000,  -0.01760,
,,,03.658000000000,   0.01360,
,,,03.660000000000,   0.01120,
,,,03.662000000000,   0.01040,
,,,03.664000000000,  -0.02720,
,,,03.666000000000,  -0.00160,
,,,03.668000000000,   0.00240,
,,,03.670000000000,  -0.00240,
,,,03.672000000000,  -0.00240,
,,,03.674000000000,   0.00320,
,,,03.676000000000,   0.00240,
,,,03.678000000000,  -0.00320,
,,,03.680000000000,   0.00560,
,,,03.682000000000,   0.00080,
,,,03.684000000000,   0.00240,
,,,03.686000000000,   0.00400,
,,,03.688000000000,  -0.00240,
,,,03.690000000000,  -0.00080,
,,,03.692000000000,  -0.00320,
,,,03.694000000000,   0.00240,
,,,03.696000000000,   0.00160,
,,,03.698000000000,   0.00560,
,,,03.700000000000,  -0.00320,
,,,03.702000000000,  -0.00160,
,,,03.704000000000,   0.00720,
,,,03.706000000000,  -0.00480,
,,,03.708000000000,  -0.00240,
,,,03.710000000000,   0.00480,
,,,03.712000000000,  -0.00560,
,,,03.714000000000,   0.00000,
,,,03.716000000000,   0.00800,
,,,03.718000000000,  -0.00080,
,,,03.720000000000,  -0.00160,
,,,03.722000000000,  -0.00720,
,,,03.724000000000,  -0.00320,
,,,03.726000000000,  -0.00160,
,,,03.728000000000,   0.00080,
,,,03.730000000000,   0.00000,
,,,03.732000000000,   0.00240,
,,,03.734000000000,   0.00560,
,,,03.736000000000,   0.00000,
,,,03.738000000000,  -0.00720,
,,,03.740000000000,  -0.00240,
,,,03.742000000000,   0.00560,
,,,03.744000000000,   0.00000,
,,,03.746000000000,  -0.00080,
,,,03.748000000000,   0.00400,
,,,03.750000000000,  -0.00080,
,,,03.752000000000,  -0.00080,
,,,03.754000000000,   0.00160,
,,,03.756000000000,  -0.00080,
,,,03.758000000000,  -0.00240,
,,,03.760000000000,   0.00000,
,,,03.762000000000,   0.00240,
,,,03.764000000000,  -0.00080,
,,,03.766000000000,   0.00320,
,,,03.768000000000,  -0.00480,
,,,03.770000000000,   0.00240,
,,,03.772000000000,  -0.00240,
,,,03.774000000000,   0.00000,
,,,03.776000000000,   0.00560,
,,,03.778000000000,   0.00640,
,,,03.780000000000,   0.00000,
,,,03.782000000000,  -0.00240,
,,,03.784000000000,   0.00080,
,,,03.786000000000,   0.00240,
,,,03.788000000000,   0.00000,
,,,03.790000000000,   0.00160,
,,,03.792000000000,  -0.00080,
,,,03.794000000000,   0.00800,
,,,03.796000000000,   0.00320,
,,,03.798000000000,   0.00960,
,,,03.800000000000,   0.00880,
,,,03.802000000000,   0.00160,
,,,03.804000000000,   0.00240,
,,,03.806000000000,   0.00000,
,,,03.808000000000,   0.00000,
,,,03.810000000000,   0.00320,
,,,03.812000000000,  -0.00240,
,,,03.814000000000,  -0.00240,
,,,03.816000000000,   0.00560,
,,,03.818000000000,   0.00240,
,,,03.820000000000,   0.00160,
,,,03.822000000000,   0.00960,
,,,03.824000000000,   0.00800,
,,,03.826000000000,   0.00560,
,,,03.828000000000,   0.00240,
,,,03.830000000000,   0.00640,
,,,03.832000000000,   0.00000,
,,,03.834000000000,   0.00320,
,,,03.836000000000,   0.00960,
,,,03.838000000000,  -0.00080,
,,,03.840000000000,   0.00560,
,,,03.842000000000,  -0.00320,
,,,03.844000000000,  -0.00240,
,,,03.846000000000,   0.00240,
,,,03.848000000000,  -0.00320,
,,,03.850000000000,   0.00080,
,,,03.852000000000,   0.00160,
,,,03.854000000000,   0.00320,
,,,03.856000000000,   0.00400,
,,,03.858000000000,  -0.00080,
,,,03.860000000000,   0.00080,
,,,03.862000000000,   0.00320,
,,,03.864000000000,   0.00160,
,,,03.866000000000,   0.00720,
,,,03.868000000000,   0.00240,
,,,03.870000000000,  -0.00240,
,,,03.872000000000,   0.00080,
,,,03.874000000000,   0.00000,
,,,03.876000000000,   0.00240,
,,,03.878000000000,   0.00160,
,,,03.880000000000,   0.00240,
,,,03.882000000000,   0.00480,
,,,03.884000000000,   0.00160,
,,,03.886000000000,  -0.00240,
,,,03.888000000000,   0.00240,
,,,03.890000000000,   0.00080,
,,,03.892000000000,   0.00800,
,,,03.894000000000,   0.00240,
,,,03.896000000000,   0.00080,
,,,03.898000000000,   0.00160,
,,,03.900000000000,   0.00080,
,,,03.902000000000,   0.00560,
,,,03.904000000000,   0.00960,
,,,03.906000000000,   0.00000,
,,,03.908000000000,   0.00080,
,,,03.910000000000,   0.00560,
,,,03.912000000000,  -0.00480,
,,,03.914000000000,   0.00400,
,,,03.916000000000,   0.00800,
,,,03.918000000000,  -0.00480,
,,,03.920000000000,  -0.00480,
,,,03.922000000000,   0.00000,
,,,03.924000000000,   0.00640,
,,,03.926000000000,   0.00400,
,,,03.928000000000,  -0.00080,
,,,03.930000000000,   0.00240,
,,,03.932000000000,  -0.00240,
,,,03.934000000000,  -0.00160,
,,,03.936000000000,   0.00400,
,,,03.938000000000,   0.00320,
,,,03.940000000000,  -0.00240,
,,,03.942000000000,   0.00160,
,,,03.944000000000,   0.00640,
,,,03.946000000000,   0.00160,
,,,03.948000000000,   0.00560,
,,,03.950000000000,   0.00640,
,,,03.952000000000,  -0.00560,
,,,03.954000000000,  -0.00480,
,,,03.956000000000,  -0.00480,
,,,03.958000000000,   0.00560,
,,,03.960000000000,   0.01280,
,,,03.962000000000,   0.00480,
,,,03.964000000000,   0.00160,
,,,03.966000000000,  -0.00160,
,,,03.968000000000,   0.00000,
,,,03.970000000000,  -0.00480,
,,,03.972000000000,  -0.00080,
,,,03.974000000000,   0.00080,
,,,03.976000000000,   0.00160,
,,,03.978000000000,   0.00000,
,,,03.980000000000,   0.00560,
,,,03.982000000000,   0.00400,
,,,03.984000000000,   0.00080,
,,,03.986000000000,   0.00240,
,,,03.988000000000,   0.00480,
,,,03.990000000000,  -0.00240,
,,,03.992000000000,  -0.00080,
,,,03.994000000000,   0.00160,
,,,03.996000000000,  -0.00240,
,,,03.998000000000,   0.00320,
,,,04.000000000000,   0.00240,
,,,04.002000000000,  -0.00160,
,,,04.004000000000,   0.01360,
,,,04.006000000000,   0.00000,
,,,04.008000000000,  -0.00240,
,,,04.010000000000,   0.00000,
,,,04.012000000000,  -0.00080,
,,,04.014000000000,  -0.00240,
,,,04.016000000000,   0.00240,
,,,04.018000000000,   0.00160,
,,,04.020000000000,  -0.00240,
,,,04.022000000000,   0.00320,
,,,04.024000000000,  -0.00160,
,,,04.026000000000,   0.00080,
,,,04.028000000000,  -0.00880,
,,,04.030000000000,   0.00560,
,,,04.032000000000,  -0.00480,
,,,04.034000000000,  -0.00240,
,,,04.036000000000,   0.00240,
,,,04.038000000000,   0.00160,
,,,04.040000000000,   0.00720,
,,,04.042000000000,   0.00320,
,,,04.044000000000,  -0.00240,
,,,04.046000000000,   0.00560,
,,,04.048000000000,  -0.00240,
,,,04.050000000000,  -0.00400,
,,,04.052000000000,  -0.00160,
,,,04.054000000000,   0.00240,
,,,04.056000000000,   0.00240,
,,,04.058000000000,  -0.00800,
,,,04.060000000000,  -0.00080,
,,,04.062000000000,   0.00240,
,,,04.064000000000,  -0.00240,
,,,04.066000000000,  -0.00080,
,,,04.068000000000,  -0.00080,
,,,04.070000000000,   0.00400,
,,,04.072000000000,  -0.00240,
,,,04.074000000000,  -0.00240,
,,,04.076000000000,  -0.00240,
,,,04.078000000000,   0.00560,
,,,04.080000000000,  -0.00080,
,,,04.082000000000,   0.00080,
,,,04.084000000000,   0.00160,
,,,04.086000000000,   0.00720,
,,,04.088000000000,  -0.00480,
,,,04.090000000000,  -0.01040,
,,,04.092000000000,   0.00000,
,,,04.094000000000,   0.00240,
,,,04.096000000000,  -0.00160,
,,,04.098000000000,   0.00000,
,,,04.100000000000,   0.00240,
,,,04.102000000000,  -0.00480,
,,,04.104000000000,   0.00000,
,,,04.106000000000,   0.00400,
,,,04.108000000000,   0.00160,
,,,04.110000000000,   0.00000,
,,,04.112000000000,  -0.00320,
,,,04.114000000000,  -0.00080,
,,,04.116000000000,   0.00320,
,,,04.118000000000,   0.00000,
,,,04.120000000000,  -0.00240,
,,,04.122000000000,  -0.00160,
,,,04.124000000000,   0.00080,
,,,04.126000000000,  -0.00240,
,,,04.128000000000,  -0.00240,
,,,04.130000000000,  -0.00240,
,,,04.132000000000,  -0.00320,
,,,04.134000000000,   0.00240,
,,,04.136000000000,   0.00000,
,,,04.138000000000,  -0.00240,
,,,04.140000000000,   0.00160,
,,,04.142000000000,  -0.00400,
,,,04.144000000000,  -0.00240,
,,,04.146000000000,   0.00080,
,,,04.148000000000,  -0.00320,
,,,04.150000000000,  -0.00560,
,,,04.152000000000,   0.00240,
,,,04.154000000000,  -0.00160,
,,,04.156000000000,  -0.00320,
,,,04.158000000000,   0.00000,
,,,04.160000000000,   0.00160,
,,,04.162000000000,   0.00400,
,,,04.164000000000,   0.00000,
,,,04.166000000000,   0.00320,
,,,04.168000000000,   0.00480,
,,,04.170000000000,  -0.00560,
,,,04.172000000000,  -0.00160,
,,,04.174000000000,  -0.00320,
,,,04.176000000000,  -0.00160,
,,,04.178000000000,  -0.00800,
,,,04.180000000000,   0.00560,
,,,04.182000000000,  -0.00320,
,,,04.184000000000,   0.00240,
,,,04.186000000000,  -0.00320,
,,,04.188000000000,  -0.00240,
,,,04.190000000000,   0.00640,
,,,04.192000000000,   0.00000,
,,,04.194000000000,   0.00000,
,,,04.196000000000,   0.00240,
,,,04.198000000000,   0.00160,
,,,04.200000000000,   0.00000,
,,,04.202000000000,   0.00160,
,,,04.204000000000,   0.00320,
,,,04.206000000000,   0.00000,
,,,04.208000000000,   0.00000,
,,,04.210000000000,   0.00240,
,,,04.212000000000,   0.00240,
,,,04.214000000000,   0.00000,
,,,04.216000000000,  -0.00080,
,,,04.218000000000,  -0.00560,
,,,04.220000000000,   0.00160,
,,,04.222000000000,   0.00480,
,,,04.224000000000,   0.00240,
,,,04.226000000000,   0.00160,
,,,04.228000000000,   0.00320,
,,,04.230000000000,  -0.00240,
,,,04.232000000000,   0.00320,
,,,04.234000000000,   0.00000,
,,,04.236000000000,   0.00720,
,,,04.238000000000,   0.00560,
,,,04.240000000000,  -0.00240,
,,,04.242000000000,   0.00160,
,,,04.244000000000,   0.00000,
,,,04.246000000000,   0.00560,
,,,04.248000000000,   0.00080,
,,,04.250000000000,   0.00400,
,,,04.252000000000,   0.00240,
,,,04.254000000000,   0.00800,
,,,04.256000000000,  -0.00400,
,,,04.258000000000,   0.00160,
,,,04.260000000000,   0.00240,
,,,04.262000000000,   0.00240,
,,,04.264000000000,   0.00400,
,,,04.266000000000,  -0.00480,
,,,04.268000000000,  -0.00080,
,,,04.270000000000,  -0.00320,
,,,04.272000000000,  -0.00480,
,,,04.274000000000,   0.00240,
,,,04.276000000000,  -0.00160,
,,,04.278000000000,   0.00480,
,,,04.280000000000,  -0.00240,
,,,04.282000000000,   0.00320,
,,,04.284000000000,   0.00240,
,,,04.286000000000,  -0.00240,
,,,04.288000000000,   0.00480,
,,,04.290000000000,   0.00000,
,,,04.292000000000,   0.00000,
,,,04.294000000000,   0.00480,
,,,04.296000000000,  -0.00480,
,,,04.298000000000,   0.00000,
,,,04.300000000000,  -0.00240,
,,,04.302000000000,  -0.00240,
,,,04.304000000000,   0.00080,
,,,04.306000000000,  -0.00480,
,,,04.308000000000,   0.00000,
,,,04.310000000000,   0.00080,
,,,04.312000000000,   0.00240,
,,,04.314000000000,  -0.00240,
,,,04.316000000000,  -0.00160,
,,,04.318000000000,  -0.00240,
,,,04.320000000000,  -0.00480,
,,,04.322000000000,  -0.00080,
,,,04.324000000000,   0.00240,
,,,04.326000000000,  -0.00240,
,,,04.328000000000,  -0.00160,
,,,04.330000000000,   0.00080,
,,,04.332000000000,  -0.00240,
,,,04.334000000000,  -0.00160,
,,,04.336000000000,   0.00560,
,,,04.338000000000,   0.00080,
,,,04.340000000000,  -0.00160,
,,,04.342000000000,   0.00640,
,,,04.344000000000,   0.00240,
,,,04.346000000000,   0.00240,
,,,04.348000000000,  -0.00160,
,,,04.350000000000,   0.00080,
,,,04.352000000000,   0.00000,
,,,04.354000000000,   0.00000,
,,,04.356000000000,   0.00560,
,,,04.358000000000,   0.00080,
,,,04.360000000000,  -0.00080,
,,,04.362000000000,  -0.00160,
,,,04.364000000000,   0.00000,
,,,04.366000000000,   0.00560,
,,,04.368000000000,  -0.00080,
,,,04.370000000000,   0.00240,
,,,04.372000000000,   0.00080,
,,,04.374000000000,  -0.00160,
,,,04.376000000000,  -0.00080,
,,,04.378000000000,   0.00400,
,,,04.380000000000,   0.00400,
,,,04.382000000000,   0.00240,
,,,04.384000000000,   0.00240,
,,,04.386000000000,   0.00000,
,,,04.388000000000,   0.00160,
,,,04.390000000000,   0.00000,
,,,04.392000000000,   0.00720,
,,,04.394000000000,  -0.00160,
,,,04.396000000000,  -0.00240,
,,,04.398000000000,  -0.00320,
,,,04.400000000000,   0.00080,
,,,04.402000000000,   0.00400,
,,,04.404000000000,   0.00080,
,,,04.406000000000,   0.00400,
,,,04.408000000000,   0.00480,
,,,04.410000000000,  -0.00240,
,,,04.412000000000,  -0.00320,
,,,04.414000000000,  -0.00480,
,,,04.416000000000,  -0.00240,
,,,04.418000000000,   0.00560,
,,,04.420000000000,  -0.00480,
,,,04.422000000000,  -0.00320,
,,,04.424000000000,   0.00240,
,,,04.426000000000,   0.00560,
,,,04.428000000000,  -0.00240,
,,,04.430000000000,   0.00160,
,,,04.432000000000,   0.00320,
,,,04.434000000000,  -0.00800,
,,,04.436000000000,  -0.00160,
,,,04.438000000000,   0.00560,
,,,04.440000000000,  -0.00160,
,,,04.442000000000,  -0.00480,
,,,04.444000000000,  -0.00240,
,,,04.446000000000,  -0.00240,
,,,04.448000000000,   0.00240,
,,,04.450000000000,   0.00560,
,,,04.452000000000,  -0.00320,
,,,04.454000000000,   0.00240,
,,,04.456000000000,   0.00000,
,,,04.458000000000,   0.00720,
,,,04.460000000000,   0.00560,
,,,04.462000000000,   0.00480,
,,,04.464000000000,   0.00160,
,,,04.466000000000,   0.00000,
,,,04.468000000000,  -0.00240,
,,,04.470000000000,  -0.00400,
,,,04.472000000000,   0.00240,
,,,04.474000000000,   0.00000,
,,,04.476000000000,   0.00000,
,,,04.478000000000,  -0.00240,
,,,04.480000000000,   0.00320,
,,,04.482000000000,   0.00160,
,,,04.484000000000,   0.00400,
,,,04.486000000000,   0.00000,
,,,04.488000000000,  -0.00160,
,,,04.490000000000,  -0.00240,
,,,04.492000000000,   0.00320,
,,,04.494000000000,   0.00080,
,,,04.496000000000,   0.00240,
,,,04.498000000000,   0.00160,
,,,04.500000000000,   0.00080,
,,,04.502000000000,   0.00000,
,,,04.504000000000,   0.00000,
,,,04.506000000000,   0.00320,
,,,04.508000000000,  -0.00560,
,,,04.510000000000,  -0.00240,
,,,04.512000000000,  -0.00480,
,,,04.514000000000,   0.00160,
,,,04.516000000000,  -0.00480,
,,,04.518000000000,   0.00560,
,,,04.520000000000,   0.00000,
,,,04.522000000000,  -0.00480,
,,,04.524000000000,   0.00560,
,,,04.526000000000,  -0.00160,
,,,04.528000000000,   0.00800,
,,,04.530000000000,   0.00320,
,,,04.532000000000,   0.00240,
,,,04.534000000000,   0.00000,
,,,04.536000000000,  -0.00240,
,,,04.538000000000,  -0.00640,
