Designator,Footprint,Quantity,Value,LCSC Part #
A1,Arduino_Nano,1,Arduino_Nano_v3.x,
BZ1,Buzzer_12x9.5RM7.6,1,Buzzer,
C1,0805,1,0.01uF,
C2,0805,1,0.68uF,
C3,0805,1,620 pF,
C4,0805,1,0.33 uF,
C5,0805,1,0.1 uF,
"D1, D2, D3",0805,3,LED,
H1,MountingHole_2.2mm_M2,1,MountingHole,
"H2, H3, H4",MountingHole_3.2mm_M3,3,MountingHole,
J1,PinSocket_1x02_P2.54mm_Vertical,1,Conn_01x02_Female,
"J2, J5",PinHeader_1x08_P2.54mm_Vertical,2,Conn_01x08_Male,
J3,PinHeader_2x06_P2.54mm_Horizontal,1,Conn_02x06_Odd_Even,
J6,SolderWire-0.1sqmm_1x04_P3.6mm_D0.4mm_OD1mm,1,Conn_01x04_Male,
P1,SOP50P490X110-10N,1,AD5162BRMZ2.5-RL7,
R1,0805,1,100 KOhm,
"R10, R11",0805,2,0 Ohm,
R2,0805,1,105 Ohm,
R3,0805,1,3010 Ohm,
R4,0805,1,1960 Ohm,
"R5, R6, R7",0805,3,90 Ohm,
R8,0805,1,3500 Ohm,
R9,0805,1,4500 Ohm,
U1,SOIC-8_3.9x4.9mm_P1.27mm,1,SE555D,
U2,SOT-353_SC-70-5_Handsoldering,1,LMV331,
U3,LGA-8_3x5mm_P1.25mm,1,MS5607-02BA,
U4,TO-220-3_Vertical,1,L7805,
